time,pass_id,sc_direction,alfven_mach,vsw_km_s,n_p_cm3,pdyn_omni_nPa,pdyn_nPa,omni_dt_minutes,pass
1996-01-12 15:05:51.000,6,in,14.600000381469727,321.0,14.600000381469727,2.759999990463257,2.5162571641049256,24.150000000000002,6
1996-01-12 15:06:10.000,6,in,14.600000381469727,321.0,14.600000381469727,2.759999990463257,2.5162571641049256,23.833333333333332,6
1996-01-12 15:06:25.000,6,in,14.600000381469727,321.0,14.600000381469727,2.759999990463257,2.5162571641049256,23.583333333333332,6
1996-01-14 06:29:35.000,6,out,8.199999809265137,401.0,9.100000381469727,2.7100000381469727,2.4474974512584775,60.416666666666664,6
1996-01-14 07:25:53.200,6,out,8.199999809265137,401.0,9.100000381469727,2.7100000381469727,2.4474974512584775,4.113333333333334,6
1996-01-14 07:35:54.100,6,out,8.199999809265137,401.0,9.100000381469727,2.7100000381469727,2.4474974512584775,-5.901666666666667,6
1996-01-14 07:42:02.600,6,out,8.199999809265137,401.0,9.100000381469727,2.7100000381469727,2.4474974512584775,-12.043333333333333,6
1996-01-14 07:50:43.400,6,out,8.199999809265137,401.0,9.100000381469727,2.7100000381469727,2.4474974512584775,-20.723333333333336,6
1995-12-20 21:22:00.000,5,in,4.199999809265137,392.0,4.0,1.2000000476837158,1.0280736256,8.0,5
1995-12-20 21:30:08.200,5,in,4.199999809265137,392.0,4.0,1.2000000476837158,1.0280736256,-0.13666666666666666,5
1995-12-20 21:43:30.100,5,in,4.199999809265137,392.0,4.0,1.2000000476837158,1.0280736256,-13.501666666666667,5
1995-12-20 21:45:25.400,5,in,4.199999809265137,392.0,4.0,1.2000000476837158,1.0280736256,-15.423333333333332,5
1995-12-20 21:49:58.400,5,in,4.199999809265137,392.0,4.0,1.2000000476837158,1.0280736256,-19.973333333333333,5
1995-12-20 21:56:20.400,5,in,4.199999809265137,392.0,4.0,1.2000000476837158,1.0280736256,-26.34,5
1995-12-20 21:58:18.400,5,in,4.199999809265137,392.0,4.0,1.2000000476837158,1.0280736256,-28.30666666666667,5
1995-12-22 13:25:46.000,5,out,9.600000381469727,328.0,15.300000190734863,2.890000104904175,2.753158509841785,64.23333333333333,5
1995-12-22 13:40:29.200,5,out,9.600000381469727,328.0,15.300000190734863,2.890000104904175,2.753158509841785,49.513333333333335,5
1995-12-22 13:58:00.100,5,out,9.600000381469727,328.0,15.300000190734863,2.890000104904175,2.753158509841785,31.998333333333335,5
1995-12-22 14:05:53.400,5,out,9.600000381469727,328.0,15.300000190734863,2.890000104904175,2.753158509841785,24.11,5
1995-12-22 14:08:10.400,5,out,9.600000381469727,328.0,15.300000190734863,2.890000104904175,2.753158509841785,21.826666666666664,5
1995-11-28 08:24:52.000,4,in,,,,,,,4
1995-11-28 08:28:08.700,4,in,,,,,,,4
1995-11-28 08:53:26.700,4,in,,,,,,,4
1995-11-29 22:43:18.000,4,out,13.800000190734863,460.0,7.0,2.799999952316284,2.47745512,-13.3,4
1995-09-16 10:06:33.000,3,in,24.899999618530273,526.0,11.0,5.409999847412109,5.0904510536,23.45,3
1995-09-16 10:17:01.000,3,in,24.899999618530273,526.0,11.0,5.409999847412109,5.0904510536,12.983333333333333,3
1995-09-16 10:28:42.500,3,in,24.899999618530273,526.0,11.0,5.409999847412109,5.0904510536,1.2916666666666667,3
1995-09-18 04:20:26.000,3,out,9.899999618530273,363.0,7.099999904632568,1.6699999570846558,1.5648174677213205,9.566666666666666,3
1995-08-19 18:28:55.000,2,in,12.899999618530273,403.0,15.300000190734863,4.510000228881836,4.156173040832228,1.0833333333333333,2
1995-08-19 20:33:25.000,2,in,8.600000381469727,373.0,8.800000190734863,2.369999885559082,2.0478230999053695,-3.4166666666666665,2
1995-08-19 20:39:25.000,2,in,8.600000381469727,373.0,8.800000190734863,2.369999885559082,2.0478230999053695,-9.416666666666666,2
1995-08-20 23:27:14.500,2,out,5.300000190734863,388.0,3.0999999046325684,0.8799999952316284,0.7805796486264909,2.7583333333333333,2
1995-08-20 23:33:22.500,2,out,5.300000190734863,388.0,3.0999999046325684,0.8799999952316284,0.7805796486264909,-3.375,2
1995-08-20 23:46:15.500,2,out,5.300000190734863,388.0,3.0999999046325684,0.8799999952316284,0.7805796486264909,-16.258333333333333,2
1995-08-01 21:16:41.000,1,in,14.800000190734863,344.0,6.699999809265137,1.3899999856948853,1.3261228793680786,13.316666666666666,1
1995-08-01 21:38:06.000,1,in,14.800000190734863,344.0,6.699999809265137,1.3899999856948853,1.3261228793680786,-8.100000000000001,1
1995-08-01 21:59:37.000,1,in,14.800000190734863,344.0,6.699999809265137,1.3899999856948853,1.3261228793680786,-29.616666666666667,1
1995-08-03 00:52:17.000,1,out,39.70000076293945,320.0,19.899999618530273,4.079999923706055,3.4083573106640626,-22.28333333333333,1
1996-03-26 16:10:29.000,7,in,11.100000381469727,487.0,5.0,2.450000047683716,1.9834443470000003,19.516666666666666,7
1996-03-26 16:17:47.000,7,in,11.100000381469727,487.0,5.0,2.450000047683716,1.9834443470000003,12.216666666666667,7
1996-03-26 16:30:22.600,7,in,11.100000381469727,487.0,5.0,2.450000047683716,1.9834443470000003,-0.3766666666666667,7
1996-03-26 16:41:56.500,7,in,11.100000381469727,487.0,5.0,2.450000047683716,1.9834443470000003,-11.941666666666666,7
1996-03-26 16:50:36.200,7,in,11.100000381469727,487.0,5.0,2.450000047683716,1.9834443470000003,-20.603333333333335,7
1996-03-26 17:24:48.500,7,in,11.600000381469727,467.0,5.199999809265137,2.369999885559082,1.896833369704564,5.191666666666666,7
1996-03-26 17:34:11.000,7,in,11.600000381469727,467.0,5.199999809265137,2.369999885559082,1.896833369704564,-4.183333333333334,7
1996-03-28 14:44:53.500,7,out,10.5,468.0,5.699999809265137,2.490000009536743,2.0881353218062775,-14.891666666666666,7
1996-04-17 13:58:43.500,8,in,10.5,551.0,3.0999999046325684,1.8899999856948853,1.5741893526321291,-28.725,8
1996-04-17 14:13:08.500,8,in,10.5,551.0,3.0999999046325684,1.8899999856948853,1.5741893526321291,-43.141666666666666,8
1996-04-17 14:15:15.500,8,in,10.5,551.0,3.0999999046325684,1.8899999856948853,1.5741893526321291,-45.25833333333333,8
1996-04-17 14:33:40.500,8,in,8.100000381469727,562.0,3.700000047683716,2.4800000190734863,1.9546385204703858,56.324999999999996,8
1996-04-17 14:43:15.500,8,in,8.100000381469727,562.0,3.700000047683716,2.4800000190734863,1.9546385204703858,46.74166666666667,8
1996-04-19 07:38:55.000,8,out,15.0,715.0,2.799999952316284,2.880000114440918,2.39420977722685,-8.916666666666666,8
1996-04-19 07:43:31.000,8,out,15.0,715.0,2.799999952316284,2.880000114440918,2.39420977722685,-13.516666666666666,8
1996-04-19 08:23:45.000,8,out,12.899999618530273,727.0,2.0,2.180000066757202,1.7680352108000001,6.25,8
1996-04-19 08:35:05.000,8,out,12.899999618530273,727.0,2.0,2.180000066757202,1.7680352108000001,-5.083333333333334,8
1996-04-19 08:39:09.000,8,out,12.899999618530273,727.0,2.0,2.180000066757202,1.7680352108000001,-9.15,8
1996-04-19 08:44:40.000,8,out,12.899999618530273,727.0,2.0,2.180000066757202,1.7680352108000001,-14.666666666666666,8
1996-04-19 08:47:57.000,8,out,12.899999618530273,727.0,2.0,2.180000066757202,1.7680352108000001,-17.950000000000003,8
1996-05-09 13:54:08.700,9,in,10.899999618530273,339.0,18.0,3.549999952316284,3.4599035628,155.855,9
1996-05-09 13:57:01.800,9,in,10.899999618530273,339.0,18.0,3.549999952316284,3.4599035628,152.97,9
1996-05-09 14:05:44.000,9,in,10.899999618530273,339.0,18.0,3.549999952316284,3.4599035628,144.26666666666668,9
1996-05-11 02:43:02.200,9,out,15.5,336.0,14.300000190734863,2.7699999809265137,2.7002668852964358,-13.036666666666667,9
1996-08-19 11:40:55.200,10,in,10.300000190734863,436.0,3.9000000953674316,1.3700000047683716,1.2400228517625107,-10.920000000000002,10
1996-08-20 09:31:14.200,10,out,10.899999618530273,420.0,6.199999809265137,2.190000057220459,1.8292891117243197,-1.2366666666666666,10
1996-08-20 09:31:42.200,10,out,10.899999618530273,420.0,6.199999809265137,2.190000057220459,1.8292891117243197,-1.7033333333333334,10
1996-08-20 09:32:33.200,10,out,10.899999618530273,420.0,6.199999809265137,2.190000057220459,1.8292891117243197,-2.5533333333333332,10
1996-09-11 08:14:55.000,11,in,14.100000381469727,494.0,8.199999809265137,3.809999942779541,3.347031753666871,15.083333333333332,11
1996-09-12 07:17:52.000,11,out,8.399999618530273,640.0,3.0,2.4600000381469727,2.0552908800000003,12.133333333333333,11
1996-09-12 07:30:14.200,11,out,8.399999618530273,640.0,3.0,2.4600000381469727,2.0552908800000003,-0.23666666666666664,11
1996-09-12 08:18:18.000,11,out,9.600000381469727,620.0,3.799999952316284,2.9200000762939453,2.443200241341877,11.700000000000001,11
1996-09-12 08:19:29.000,11,out,9.600000381469727,620.0,3.799999952316284,2.9200000762939453,2.443200241341877,10.516666666666667,11
1996-09-12 08:20:52.000,11,out,9.600000381469727,620.0,3.799999952316284,2.9200000762939453,2.443200241341877,9.133333333333335,11
1996-10-04 00:54:55.000,12,in,9.600000381469727,508.0,3.5999999046325684,1.8600000143051147,1.5538962058758072,-24.916666666666668,12
1996-10-05 06:24:35.000,12,out,10.800000190734863,442.0,5.5,1.9700000286102295,1.7972120452,5.416666666666667,12
1996-11-15 07:22:15.000,13,in,6.599999904632568,473.0,4.800000190734863,1.9900000095367432,1.7962038732947265,7.750000000000001,13
1996-11-16 18:50:55.000,13,out,15.0,458.0,5.900000095367432,2.3499999046325684,2.0700225052197845,39.083333333333336,13
1996-11-16 19:04:00.000,13,out,15.0,458.0,5.900000095367432,2.3499999046325684,2.0700225052197845,26.0,13
1996-11-16 19:05:10.000,13,out,15.0,458.0,5.900000095367432,2.3499999046325684,2.0700225052197845,24.833333333333332,13
1996-12-02 16:56:18.000,14,in,15.699999809265137,321.0,52.599998474121094,9.229999542236328,9.0654191461803,-26.3,14
1996-12-04 01:14:43.000,14,out,11.800000190734863,416.0,14.100000381469727,4.239999771118164,4.081293975377735,15.283333333333335,14
1996-12-04 02:23:33.000,14,out,7.599999904632568,384.0,8.300000190734863,2.140000104904175,2.047069763521875,6.45,14
1996-12-04 02:36:06.700,14,out,7.599999904632568,384.0,8.300000190734863,2.140000104904175,2.047069763521875,-6.111666666666666,14
1996-12-30 00:35:54.000,15,in,12.600000381469727,303.0,29.899999618530273,4.659999847412109,4.591435970081611,-5.8999999999999995,15
1996-12-30 00:46:43.000,15,in,12.600000381469727,303.0,29.899999618530273,4.659999847412109,4.591435970081611,-16.716666666666665,15
1996-12-30 02:39:37.000,15,in,9.5,310.0,30.5,5.03000020980835,4.90247423,-9.616666666666665,15
1997-01-01 15:24:00.000,15,out,6.900000095367432,422.0,3.0999999046325684,1.0700000524520874,0.9233761966335423,126.0,15
1997-01-01 16:43:11.000,15,out,6.900000095367432,422.0,3.0999999046325684,1.0700000524520874,0.9233761966335423,46.81666666666666,15
1997-01-01 17:56:55.000,15,out,6.900000095367432,422.0,3.0999999046325684,1.0700000524520874,0.9233761966335423,-26.916666666666668,15
1997-06-11 04:12:59.000,16,in,12.0,355.0,7.300000190734863,1.590000033378601,1.5387627697048905,17.016666666666666,16
1997-06-11 04:23:16.000,16,in,12.0,355.0,7.300000190734863,1.590000033378601,1.5387627697048905,6.733333333333333,16
1997-06-11 05:47:44.000,16,in,21.200000762939453,348.0,10.800000190734863,2.619999885559082,2.1876323829549773,-17.733333333333334,16
1997-06-11 06:41:21.000,16,in,21.399999618530273,349.0,12.600000381469727,3.069999933242798,2.5669269204746734,-11.350000000000001,16
1997-06-11 06:48:02.000,16,in,21.399999618530273,349.0,12.600000381469727,3.069999933242798,2.5669269204746734,-18.033333333333335,16
1997-06-11 06:53:06.000,16,in,21.399999618530273,349.0,12.600000381469727,3.069999933242798,2.5669269204746734,-23.1,16
1997-06-11 06:55:21.000,16,in,21.399999618530273,349.0,12.600000381469727,3.069999933242798,2.5669269204746734,-25.349999999999998,16
1997-06-12 13:33:15.500,16,out,18.600000381469727,344.0,16.799999237060547,3.490000009536743,3.325203581472315,116.74166666666666,16
1997-06-12 13:42:25.000,16,out,18.600000381469727,344.0,16.799999237060547,3.490000009536743,3.325203581472315,107.58333333333334,16
1997-06-12 13:56:55.400,16,out,18.600000381469727,344.0,16.799999237060547,3.490000009536743,3.325203581472315,93.07666666666668,16
1997-06-12 14:04:41.000,16,out,18.600000381469727,344.0,16.799999237060547,3.490000009536743,3.325203581472315,85.31666666666666,16
1997-06-12 14:23:02.000,16,out,18.600000381469727,344.0,16.799999237060547,3.490000009536743,3.325203581472315,66.96666666666667,16
1997-07-03 11:29:05.500,17,in,6.699999809265137,354.0,10.5,2.430000066757202,2.2008371868,0.9083333333333333,17
1997-07-03 11:32:34.500,17,in,6.699999809265137,354.0,10.5,2.430000066757202,2.2008371868,-2.5749999999999997,17
1997-07-03 12:09:42.000,17,in,8.100000381469727,358.0,11.300000190734863,2.7699999809265137,2.4223483432072808,20.3,17
1997-07-04 21:41:45.000,17,out,7.900000095367432,384.0,7.099999904632568,1.9900000095367432,1.7511078062390626,-11.75,17
1997-07-25 15:24:41.000,18,in,19.600000381469727,408.0,6.699999809265137,2.2300000190734863,1.8654654457741333,5.316666666666666,18
1997-07-25 15:25:06.000,18,in,19.600000381469727,408.0,6.699999809265137,2.2300000190734863,1.8654654457741333,4.9,18
1997-07-25 15:33:57.500,18,in,19.600000381469727,408.0,6.699999809265137,2.2300000190734863,1.8654654457741333,-3.9583333333333335,18
1997-07-25 15:55:35.000,18,in,19.600000381469727,408.0,6.699999809265137,2.2300000190734863,1.8654654457741333,-25.583333333333332,18
1997-07-25 16:42:17.000,18,in,34.79999923706055,410.0,11.5,3.4600000381469727,3.23338669,-12.283333333333333,18
1997-07-25 16:48:59.500,18,in,34.79999923706055,410.0,11.5,3.4600000381469727,3.23338669,-18.991666666666667,18
1997-07-25 16:54:12.500,18,in,34.79999923706055,410.0,11.5,3.4600000381469727,3.23338669,-24.208333333333336,18
1997-07-27 02:09:58.000,18,out,13.899999618530273,356.0,10.199999809265137,2.5899999141693115,2.1621820222882846,20.033333333333335,18
1997-09-07 22:17:11.000,19,in,15.899999618530273,347.0,6.099999904632568,1.3600000143051147,1.228516150533372,12.816666666666666,19
1997-09-09 19:21:28.000,19,out,5.099999904632568,463.0,2.299999952316284,0.8899999856948853,0.8246732385228326,68.53333333333333,19
1997-09-29 09:43:18.000,20,in,8.199999809265137,435.0,5.0,1.690000057220459,1.5824886750000002,-13.3,20
1997-09-29 09:51:40.000,20,in,8.199999809265137,435.0,5.0,1.690000057220459,1.5824886750000002,-21.666666666666668,20
1997-09-29 10:15:10.000,20,in,8.600000381469727,397.0,5.900000095367432,1.8600000143051147,1.5553392242004584,14.833333333333334,20
1997-10-01 08:24:28.000,20,out,,,,,,,20
1997-10-01 08:48:27.000,20,out,6.400000095367432,490.0,6.199999809265137,2.75,2.4898657354025464,221.54999999999998,20
1997-10-01 09:24:15.000,20,out,6.400000095367432,490.0,6.199999809265137,2.75,2.4898657354025464,185.75,20
1997-10-01 09:35:45.000,20,out,6.400000095367432,490.0,6.199999809265137,2.75,2.4898657354025464,174.25,20
1997-10-01 09:37:58.000,20,out,6.400000095367432,490.0,6.199999809265137,2.75,2.4898657354025464,172.03333333333333,20
1997-10-01 09:45:28.000,20,out,6.400000095367432,490.0,6.199999809265137,2.75,2.4898657354025464,164.53333333333333,20
1997-10-01 11:22:45.000,20,out,6.400000095367432,490.0,6.199999809265137,2.75,2.4898657354025464,67.25,20
1997-10-01 11:33:12.000,20,out,6.400000095367432,490.0,6.199999809265137,2.75,2.4898657354025464,56.8,20
1997-10-01 11:37:52.000,20,out,6.400000095367432,490.0,6.199999809265137,2.75,2.4898657354025464,52.13333333333333,20
1997-10-01 15:55:10.000,20,out,7.699999809265137,479.0,8.100000381469727,3.7200000286102295,3.108480580853973,34.833333333333336,20
1997-10-01 16:01:10.000,20,out,7.699999809265137,479.0,8.100000381469727,3.7200000286102295,3.108480580853973,28.833333333333336,20
1997-10-20 16:25:00.000,21,in,28.0,326.0,15.600000381469727,2.890000104904175,2.773012974369005,5.0,21
1997-10-22 15:15:50.000,21,out,12.699999809265137,310.0,7.699999809265137,1.559999942779541,1.237673791341877,14.166666666666666,21
1997-10-22 15:46:08.000,21,out,12.699999809265137,310.0,7.699999809265137,1.559999942779541,1.237673791341877,-16.133333333333333,21
1997-10-22 16:05:25.000,21,out,9.399999618530273,309.0,7.099999904632568,1.2599999904632568,1.1338807810296763,24.583333333333332,21
1997-10-22 16:25:26.400,21,out,9.399999618530273,309.0,7.099999904632568,1.2599999904632568,1.1338807810296763,4.5600000000000005,21
1997-10-22 16:35:29.000,21,out,9.399999618530273,309.0,7.099999904632568,1.2599999904632568,1.1338807810296763,-5.483333333333333,21
1997-10-22 16:47:46.000,21,out,9.399999618530273,309.0,7.099999904632568,1.2599999904632568,1.1338807810296763,-17.766666666666666,21
1997-10-22 17:02:38.000,21,out,13.600000381469727,293.0,10.0,1.5399999618530273,1.435910374,27.366666666666667,21
1998-07-01 18:18:30.500,22,in,7.699999809265137,310.0,15.899999618530273,3.059999942779541,2.555716012683754,191.49166666666667,22
1998-07-03 13:00:00.500,22,out,4.900000095367432,424.0,4.199999809265137,1.4500000476837158,1.2629119605672976,29.991666666666667,22
1998-07-24 01:05:12.500,23,in,9.0,705.0,2.5999999046325684,2.5799999237060547,2.1614423597187638,24.791666666666664,23
1998-07-24 01:10:45.000,23,in,9.0,705.0,2.5999999046325684,2.5799999237060547,2.1614423597187638,19.25,23
1998-07-24 01:12:58.500,23,in,9.0,705.0,2.5999999046325684,2.5799999237060547,2.1614423597187638,17.025,23
1998-07-24 01:13:35.500,23,in,9.0,705.0,2.5999999046325684,2.5799999237060547,2.1614423597187638,16.408333333333335,23
1998-07-24 01:15:43.000,23,in,9.0,705.0,2.5999999046325684,2.5799999237060547,2.1614423597187638,14.283333333333333,23
1998-07-25 09:02:06.000,23,out,12.899999618530273,590.0,2.5999999046325684,1.809999942779541,1.5138033004740237,27.900000000000002,23
1998-07-25 09:07:44.000,23,out,12.899999618530273,590.0,2.5999999046325684,1.809999942779541,1.5138033004740237,22.266666666666666,23
1998-07-25 10:03:57.000,23,out,12.5,585.0,2.5,1.7100000381469727,1.4310138375,26.049999999999997,23
1998-07-25 10:29:15.500,23,out,12.5,585.0,2.5,1.7100000381469727,1.4310138375,0.7416666666666667,23
1998-07-25 10:33:06.000,23,out,12.5,585.0,2.5,1.7100000381469727,1.4310138375,-3.1,23
1998-08-15 06:53:48.000,24,in,4.699999809265137,401.0,2.200000047683716,0.7099999785423279,0.5917026685448097,-23.8,24
1998-08-15 07:07:05.500,24,in,5.099999904632568,396.0,2.5999999046325684,0.8199999928474426,0.6819551231460342,22.908333333333335,24
1998-08-15 07:14:42.000,24,in,5.099999904632568,396.0,2.5999999046325684,0.8199999928474426,0.6819551231460342,15.3,24
1998-08-16 22:38:08.000,24,out,3.0999999046325684,365.0,1.2000000476837158,0.3199999928474426,0.26739857262546424,-8.133333333333335,24
1998-10-25 21:33:54.000,25,in,7.0,419.0,3.299999952316284,1.2000000476837158,0.969022970377995,-3.9000000000000004,25
1998-10-25 21:44:54.000,25,in,7.0,419.0,3.299999952316284,1.2000000476837158,0.969022970377995,-14.899999999999999,25
1998-10-25 21:47:27.000,25,in,7.0,419.0,3.299999952316284,1.2000000476837158,0.969022970377995,-17.45,25
1998-10-25 21:47:42.000,25,in,7.0,419.0,3.299999952316284,1.2000000476837158,0.969022970377995,-17.7,25
1998-10-25 21:48:42.000,25,in,7.0,419.0,3.299999952316284,1.2000000476837158,0.969022970377995,-18.7,25
1998-10-25 21:49:09.000,25,in,7.0,419.0,3.299999952316284,1.2000000476837158,0.969022970377995,-19.15,25
1998-10-25 21:50:47.000,25,in,7.0,419.0,3.299999952316284,1.2000000476837158,0.969022970377995,-20.783333333333335,25
1998-10-25 21:54:07.000,25,in,7.0,419.0,3.299999952316284,1.2000000476837158,0.969022970377995,-24.116666666666667,25
1998-10-25 22:10:12.000,25,in,8.0,419.0,3.5,1.2300000190734863,1.0277516501000001,19.8,25
1998-10-26 19:15:14.000,25,out,8.0,405.0,4.400000095367432,1.440000057220459,1.2071321721638846,14.766666666666667,25
1998-11-13 05:45:55.000,26,in,4.0,412.0,13.100000381469727,3.940000057220459,3.719271076944525,-15.916666666666666,26
1998-11-13 06:00:34.000,26,in,2.799999952316284,405.0,7.599999904632568,2.490000009536743,2.0850464078361153,29.433333333333334,26
1998-11-13 06:16:18.000,26,in,2.799999952316284,405.0,7.599999904632568,2.490000009536743,2.0850464078361153,13.7,26
1998-11-13 07:52:40.000,26,in,2.9000000953674316,404.0,8.100000381469727,2.640000104904175,2.211260265099359,-22.666666666666664,26
1998-11-13 08:01:37.000,26,in,4.599999904632568,396.0,17.299999237060547,5.429999828338623,4.537624439568274,28.383333333333333,26
1998-11-13 08:20:54.000,26,in,4.599999904632568,396.0,17.299999237060547,5.429999828338623,4.537624439568274,9.1,26
1998-11-13 08:40:10.000,26,in,4.599999904632568,396.0,17.299999237060547,5.429999828338623,4.537624439568274,-10.166666666666668,26
1998-11-14 03:16:55.000,26,out,4.199999809265137,379.0,14.899999618530273,4.28000020980835,3.5797835636903965,13.083333333333334,26
1998-11-14 04:12:13.000,26,out,4.400000095367432,383.0,16.700000762939453,4.900000095367432,4.097378944568737,17.78333333333333,26
1998-11-14 04:25:54.000,26,out,4.400000095367432,383.0,16.700000762939453,4.900000095367432,4.097378944568737,4.1,26
1998-11-27 08:05:43.000,27,in,7.800000190734863,432.0,4.800000190734863,1.7400000095367432,1.4983071110573731,24.28333333333333,27
1998-11-28 23:34:00.000,27,out,8.800000190734863,429.0,4.599999904632568,1.690000057220459,1.416004063003332,-4.0,27
1998-12-14 03:23:00.000,28,in,7.400000095367432,416.0,10.199999809265137,3.369999885559082,2.952425293911133,7.0,28
1998-12-15 15:46:55.000,28,out,8.600000381469727,370.0,6.599999904632568,1.809999942779541,1.5112609821628666,-16.916666666666668,28
1999-01-01 15:46:59.000,29,in,9.0,443.0,5.199999809265137,1.940000057220459,1.7068795398720293,-16.983333333333334,29
1999-01-03 11:05:05.000,29,out,8.399999618530273,348.0,5.199999809265137,1.1699999570846558,1.0533044234450226,24.916666666666668,29
1999-01-18 01:27:30.000,30,in,9.899999618530273,355.0,8.800000190734863,2.2200000286102295,1.8549468922048902,2.5,30
1999-01-18 01:41:10.000,30,in,9.899999618530273,355.0,8.800000190734863,2.2200000286102295,1.8549468922048902,-11.166666666666668,30
1999-01-18 01:46:12.000,30,in,9.899999618530273,355.0,8.800000190734863,2.2200000286102295,1.8549468922048902,-16.200000000000003,30
1999-01-19 10:00:57.000,30,out,8.699999809265137,365.0,5.699999809265137,1.5199999809265137,1.2701431269981434,29.05,30
1999-02-04 11:27:45.000,31,in,4.099999904632568,305.0,10.0,1.6799999475479126,1.5559361500000002,2.25,31
1999-02-07 07:02:02.000,31,out,8.199999809265137,426.0,5.400000095367432,1.9600000381469727,1.639098519987521,27.966666666666665,31
1999-02-07 07:10:54.000,31,out,8.199999809265137,426.0,5.400000095367432,1.9600000381469727,1.639098519987521,19.1,31
1999-02-07 07:12:20.000,31,out,8.199999809265137,426.0,5.400000095367432,1.9600000381469727,1.639098519987521,17.666666666666668,31
1999-02-07 07:18:07.000,31,out,8.199999809265137,426.0,5.400000095367432,1.9600000381469727,1.639098519987521,11.883333333333335,31
1999-02-07 07:21:31.000,31,out,8.199999809265137,426.0,5.400000095367432,1.9600000381469727,1.639098519987521,8.483333333333334,31
1999-02-07 07:49:03.000,31,out,8.199999809265137,426.0,5.400000095367432,1.9600000381469727,1.639098519987521,-19.05,31
1999-02-07 07:52:58.000,31,out,8.199999809265137,426.0,5.400000095367432,1.9600000381469727,1.639098519987521,-22.966666666666665,31
1999-02-07 08:06:29.000,31,out,8.300000190734863,445.0,6.400000095367432,2.609999895095825,2.119786367587278,23.516666666666666,31
1999-02-07 08:24:45.000,31,out,8.300000190734863,445.0,6.400000095367432,2.609999895095825,2.119786367587278,5.25,31
1999-02-22 05:23:00.000,32,in,7.699999809265137,395.0,10.600000381469727,2.990000009536743,2.7662546985511685,7.0,32
1999-02-22 06:04:26.500,32,in,11.5,393.0,13.100000381469727,4.050000190734863,3.3841414044856077,25.55833333333333,32
1999-02-22 06:40:12.000,32,in,11.5,393.0,13.100000381469727,4.050000190734863,3.3841414044856077,-10.200000000000001,32
1999-02-23 18:52:05.000,32,out,9.0,406.0,5.5,1.809999942779541,1.5163758148,-22.083333333333336,32
1999-03-11 01:01:37.000,33,in,6.199999809265137,422.0,3.5999999046325684,1.2799999713897705,1.0723078458335424,28.383333333333333,33
1999-03-11 01:17:43.000,33,in,6.199999809265137,422.0,3.5999999046325684,1.2799999713897705,1.0723078458335424,12.283333333333333,33
1999-03-11 02:26:29.000,33,in,8.600000381469727,424.0,5.0,1.7999999523162842,1.5034666880000003,3.5166666666666666,33
1999-03-11 02:34:39.000,33,in,8.600000381469727,424.0,5.0,1.7999999523162842,1.5034666880000003,-4.65,33
1999-03-11 03:02:38.000,33,in,11.699999809265137,441.0,7.900000095367432,3.069999933242798,2.569782503761969,27.366666666666667,33
1999-03-11 03:07:21.000,33,in,11.699999809265137,441.0,7.900000095367432,3.069999933242798,2.569782503761969,22.65,33
1999-03-11 04:14:05.000,33,in,9.300000190734863,442.0,8.0,3.130000114440918,2.6141266112,15.916666666666666,33
1999-03-11 04:46:18.000,33,in,9.300000190734863,442.0,8.0,3.130000114440918,2.6141266112,-16.3,33
1999-03-11 05:05:54.000,33,in,9.100000381469727,439.0,8.399999618530273,3.240000009536743,2.707699091675086,24.1,33
1999-03-11 05:13:55.000,33,in,9.100000381469727,439.0,8.399999618530273,3.240000009536743,2.707699091675086,16.083333333333332,33
1999-03-11 05:36:58.000,33,in,9.100000381469727,439.0,8.399999618530273,3.240000009536743,2.707699091675086,-6.966666666666667,33
1999-03-11 05:40:45.000,33,in,9.100000381469727,439.0,8.399999618530273,3.240000009536743,2.707699091675086,-10.75,33
1999-03-11 07:56:59.000,33,in,8.699999809265137,423.0,9.300000190734863,3.3299999237060547,2.7832728593024902,-26.983333333333334,33
1999-03-12 22:55:30.000,33,out,6.900000095367432,435.0,10.899999618530273,4.130000114440918,3.449825190765696,-25.5,33
1999-03-12 22:58:20.000,33,out,6.900000095367432,435.0,10.899999618530273,4.130000114440918,3.449825190765696,-28.333333333333332,33
1999-03-12 23:11:29.000,33,out,6.900000095367432,440.0,10.699999809265137,4.139999866485596,3.4648242902371216,18.516666666666666,33
1999-03-27 22:35:08.000,34,in,9.800000190734863,346.0,6.199999809265137,1.4800000190734863,1.2414692477278269,-5.133333333333333,34
1999-03-27 23:33:58.000,34,in,8.399999618530273,335.0,5.599999904632568,1.2599999904632568,1.0511621780988145,-3.9666666666666663,34
1999-03-28 00:11:52.000,34,in,8.5,333.0,6.199999809265137,1.3799999952316284,1.149932201303844,18.133333333333333,34
1999-03-28 06:48:25.000,34,in,9.800000190734863,337.0,7.099999904632568,1.6100000143051147,1.348684098624431,-18.416666666666668,34
1999-03-28 06:59:09.000,34,in,9.800000190734863,337.0,7.099999904632568,1.6100000143051147,1.348684098624431,-29.15,34
1999-03-28 07:00:44.000,34,in,9.800000190734863,335.0,7.599999904632568,1.7100000381469727,1.4265772480988146,29.266666666666666,34
1999-03-28 07:15:12.000,34,in,9.800000190734863,335.0,7.599999904632568,1.7100000381469727,1.4265772480988146,14.8,34
1999-03-28 07:18:22.000,34,in,9.800000190734863,335.0,7.599999904632568,1.7100000381469727,1.4265772480988146,11.633333333333333,34
1999-03-28 07:24:42.000,34,in,9.800000190734863,335.0,7.599999904632568,1.7100000381469727,1.4265772480988146,5.3,34
1999-03-28 07:25:27.000,34,in,9.800000190734863,335.0,7.599999904632568,1.7100000381469727,1.4265772480988146,4.55,34
1999-03-28 07:45:24.000,34,in,9.800000190734863,335.0,7.599999904632568,1.7100000381469727,1.4265772480988146,-15.399999999999999,34
1999-03-28 08:11:34.000,34,in,9.399999618530273,328.0,7.900000095367432,1.7000000476837158,1.4215655045208924,18.433333333333334,34
1999-03-28 08:18:51.000,34,in,9.399999618530273,328.0,7.900000095367432,1.7000000476837158,1.4215655045208924,11.149999999999999,34
1999-03-28 08:37:12.000,34,in,9.399999618530273,328.0,7.900000095367432,1.7000000476837158,1.4215655045208924,-7.199999999999999,34
1999-03-28 08:46:21.000,34,in,9.399999618530273,328.0,7.900000095367432,1.7000000476837158,1.4215655045208924,-16.35,34
1999-03-28 09:01:34.000,34,in,9.300000190734863,328.0,7.099999904632568,1.5299999713897705,1.2776094714791078,28.433333333333334,34
1999-03-28 09:09:39.000,34,in,9.300000190734863,328.0,7.099999904632568,1.5299999713897705,1.2776094714791078,20.35,34
1999-03-28 10:09:02.000,34,in,9.800000190734863,328.0,7.199999809265137,1.5499999523162842,1.2956039541582154,20.96666666666667,34
1999-03-28 10:49:24.000,34,in,9.800000190734863,328.0,7.199999809265137,1.5499999523162842,1.2956039541582154,-19.4,34
1999-03-28 11:09:07.000,34,in,11.0,329.0,8.199999809265137,1.7799999713897705,1.4845599175886173,20.883333333333333,34
1999-03-28 11:11:37.000,34,in,11.0,329.0,8.199999809265137,1.7799999713897705,1.4845599175886173,18.383333333333333,34
1999-03-28 11:12:32.000,34,in,11.0,329.0,8.199999809265137,1.7799999713897705,1.4845599175886173,17.466666666666665,34
1999-03-28 16:01:22.000,34,in,10.800000190734863,339.0,11.5,2.640000104904175,2.2104939429000003,28.633333333333333,34
1999-03-28 16:26:29.000,34,in,10.800000190734863,339.0,11.5,2.640000104904175,2.2104939429000003,3.5166666666666666,34
1999-03-28 17:00:59.000,34,in,17.200000762939453,349.0,15.5,3.7799999713897705,3.1577274653000003,29.016666666666666,34
1999-03-28 17:03:38.000,34,in,17.200000762939453,349.0,15.5,3.7799999713897705,3.1577274653000003,26.366666666666667,34
1999-03-28 17:38:49.000,34,in,17.200000762939453,349.0,15.5,3.7799999713897705,3.1577274653000003,-8.816666666666666,34
1999-03-28 17:45:11.000,34,in,17.200000762939453,349.0,15.5,3.7799999713897705,3.1577274653000003,-15.183333333333332,34
1999-03-28 19:15:29.000,34,in,11.699999809265137,341.0,17.600000381469727,4.090000152587891,3.423052244752658,14.516666666666666,34
1999-03-28 19:21:29.000,34,in,11.699999809265137,341.0,17.600000381469727,4.090000152587891,3.423052244752658,8.516666666666667,34
1999-03-28 19:48:59.000,34,in,11.699999809265137,341.0,17.600000381469727,4.090000152587891,3.423052244752658,-18.983333333333334,34
1999-04-02 21:18:07.000,34,out,6.400000095367432,423.0,4.900000095367432,1.75,1.4664555910012451,11.883333333333335,34
1999-04-21 12:37:25.000,35,in,9.699999809265137,519.0,4.699999809265137,2.5299999713897705,2.11750599448761,-7.416666666666667,35
1999-04-21 12:41:19.000,35,in,9.699999809265137,519.0,4.699999809265137,2.5299999713897705,2.11750599448761,-11.316666666666666,35
1999-04-21 12:49:41.000,35,in,9.699999809265137,519.0,4.699999809265137,2.5299999713897705,2.11750599448761,-19.683333333333334,35
1999-04-23 20:24:31.000,35,out,9.800000190734863,412.0,6.099999904632568,1.9199999570846558,1.731874240763869,5.483333333333333,35
1999-05-05 19:46:51.000,36,in,6.699999809265137,440.0,10.300000190734863,3.990000009536743,3.335298269762879,-16.849999999999998,36
1999-05-05 19:57:58.000,36,in,6.699999809265137,440.0,10.300000190734863,3.990000009536743,3.335298269762879,-27.966666666666665,36
1999-05-05 20:36:44.000,36,in,7.0,436.0,10.800000190734863,4.110000133514404,3.4339094123250216,-6.733333333333333,36
1999-05-05 20:40:29.000,36,in,7.0,436.0,10.800000190734863,4.110000133514404,3.4339094123250216,-10.483333333333334,36
1999-05-05 21:18:44.000,36,in,20.799999237060547,412.0,16.299999237060547,5.53000020980835,4.62779495811095,11.266666666666666,36
1999-05-05 21:29:47.000,36,in,20.799999237060547,412.0,16.299999237060547,5.53000020980835,4.62779495811095,0.21666666666666665,36
1999-05-05 22:10:17.000,36,in,17.600000381469727,397.0,16.700000762939453,5.260000228881836,4.402400984903668,19.71666666666667,36
1999-05-08 06:39:20.000,36,out,6.699999809265137,428.0,2.0999999046325684,0.7699999809265137,0.6434264434200333,-9.333333333333334,36
1999-08-17 19:14:15.000,37,in,6.099999904632568,515.0,3.5,1.850000023841858,1.5526536725000002,15.75,37
1999-08-19 13:42:08.500,37,out,5.900000095367432,767.0,1.7000000476837158,2.0,1.67275275529945,-12.141666666666666,37
1999-08-19 13:52:31.000,37,out,5.900000095367432,767.0,1.7000000476837158,2.0,1.67275275529945,-22.516666666666666,37
1999-08-19 15:53:30.000,37,out,5.300000190734863,728.0,1.2999999523162842,1.3799999952316284,1.152386567650711,-23.5,37
1999-08-19 16:02:51.000,37,out,5.699999809265137,736.0,1.399999976158142,1.4299999475479126,1.2684569998383057,27.150000000000002,37
1999-08-19 16:06:25.000,37,out,5.699999809265137,736.0,1.399999976158142,1.4299999475479126,1.2684569998383057,23.583333333333332,37
1999-09-08 09:40:11.000,38,in,6.099999904632568,445.0,4.400000095367432,1.659999966621399,1.457353137587278,-10.183333333333334,38
1999-09-08 09:51:54.000,38,in,6.099999904632568,445.0,4.400000095367432,1.659999966621399,1.457353137587278,-21.9,38
1999-09-08 10:21:58.000,38,in,6.099999904632568,434.0,4.099999904632568,1.5399999618530273,1.2916813769150395,8.033333333333333,38
1999-09-08 11:26:28.000,38,in,6.5,441.0,4.099999904632568,1.590000033378601,1.3336845434380311,3.533333333333333,38
1999-09-08 11:34:42.000,38,in,6.5,441.0,4.099999904632568,1.590000033378601,1.3336845434380311,-4.7,38
1999-09-10 02:09:20.000,38,out,9.199999809265137,448.0,11.5,4.320000171661377,3.8605213696000003,20.666666666666668,38
1999-09-10 02:22:41.000,38,out,9.199999809265137,448.0,11.5,4.320000171661377,3.8605213696000003,7.316666666666666,38
1999-09-10 02:27:11.000,38,out,9.199999809265137,448.0,11.5,4.320000171661377,3.8605213696000003,2.8166666666666664,38
1999-09-29 22:44:23.000,39,in,7.0,553.0,3.5999999046325684,2.130000114440918,1.8413860314599277,-14.383333333333333,39
1999-09-29 22:48:16.000,39,in,7.0,553.0,3.5999999046325684,2.130000114440918,1.8413860314599277,-18.26666666666667,39
1999-09-29 22:58:22.000,39,in,7.0,553.0,3.5999999046325684,2.130000114440918,1.8413860314599277,-28.366666666666667,39
1999-09-29 23:00:14.000,39,in,7.300000190734863,552.0,3.5999999046325684,2.190000057220459,1.834732428836188,29.766666666666666,39
1999-09-29 23:05:32.000,39,in,7.300000190734863,552.0,3.5999999046325684,2.190000057220459,1.834732428836188,24.46666666666667,39
1999-09-29 23:07:02.000,39,in,7.300000190734863,552.0,3.5999999046325684,2.190000057220459,1.834732428836188,22.966666666666665,39
1999-09-29 23:10:25.000,39,in,7.300000190734863,552.0,3.5999999046325684,2.190000057220459,1.834732428836188,19.583333333333332,39
1999-09-29 23:14:08.000,39,in,7.300000190734863,552.0,3.5999999046325684,2.190000057220459,1.834732428836188,15.866666666666665,39
1999-09-29 23:15:58.000,39,in,7.300000190734863,552.0,3.5999999046325684,2.190000057220459,1.834732428836188,14.033333333333333,39
1999-09-29 23:22:24.000,39,in,7.300000190734863,552.0,3.5999999046325684,2.190000057220459,1.834732428836188,7.6000000000000005,39
1999-09-29 23:25:37.000,39,in,7.300000190734863,552.0,3.5999999046325684,2.190000057220459,1.834732428836188,4.383333333333333,39
1999-10-01 14:44:44.000,39,out,11.800000190734863,461.0,4.199999809265137,1.7899999618530273,1.492942955520885,-14.733333333333333,39
1999-10-01 14:46:17.000,39,out,11.800000190734863,461.0,4.199999809265137,1.7899999618530273,1.492942955520885,-16.283333333333335,39
1999-10-01 14:47:37.000,39,out,11.800000190734863,461.0,4.199999809265137,1.7899999618530273,1.492942955520885,-17.616666666666667,39
1999-10-01 14:52:24.000,39,out,11.800000190734863,461.0,4.199999809265137,1.7899999618530273,1.492942955520885,-22.400000000000002,39
1999-10-01 15:18:57.000,39,out,11.699999809265137,456.0,4.199999809265137,1.9199999570846558,1.4607336987836061,11.05,39
1999-10-01 15:24:54.000,39,out,11.699999809265137,456.0,4.199999809265137,1.9199999570846558,1.4607336987836061,5.1000000000000005,39
1999-10-01 15:30:26.000,39,out,11.699999809265137,456.0,4.199999809265137,1.9199999570846558,1.4607336987836061,-0.4333333333333333,39
1999-10-01 15:48:06.000,39,out,11.699999809265137,456.0,4.199999809265137,1.9199999570846558,1.4607336987836061,-18.1,39
1999-10-01 15:50:46.000,39,out,11.699999809265137,456.0,4.199999809265137,1.9199999570846558,1.4607336987836061,-20.766666666666666,39
1999-10-13 19:48:13.000,40,in,8.399999618530273,580.0,4.599999904632568,3.0899999141693115,2.588248090340309,-18.216666666666665,40
1999-10-13 19:48:31.000,40,in,8.399999618530273,580.0,4.599999904632568,3.0899999141693115,2.588248090340309,-18.516666666666666,40
1999-10-13 19:49:57.000,40,in,8.399999618530273,580.0,4.599999904632568,3.0899999141693115,2.588248090340309,-19.950000000000003,40
1999-10-13 19:52:55.000,40,in,8.399999618530273,580.0,4.599999904632568,3.0899999141693115,2.588248090340309,-22.916666666666664,40
1999-10-13 19:54:59.000,40,in,8.399999618530273,580.0,4.599999904632568,3.0899999141693115,2.588248090340309,-24.98333333333333,40
1999-10-13 20:01:50.000,40,in,8.5,585.0,4.599999904632568,3.1500000953674316,2.6330654064111543,28.166666666666668,40
1999-10-13 20:05:20.000,40,in,8.5,585.0,4.599999904632568,3.1500000953674316,2.6330654064111543,24.666666666666664,40
1999-10-13 20:06:31.000,40,in,8.5,585.0,4.599999904632568,3.1500000953674316,2.6330654064111543,23.483333333333334,40
1999-10-13 20:17:17.000,40,in,8.5,585.0,4.599999904632568,3.1500000953674316,2.6330654064111543,12.716666666666667,40
1999-10-13 20:18:38.000,40,in,8.5,585.0,4.599999904632568,3.1500000953674316,2.6330654064111543,11.366666666666667,40
1999-10-13 20:24:58.000,40,in,8.5,585.0,4.599999904632568,3.1500000953674316,2.6330654064111543,5.033333333333333,40
1999-10-13 20:33:48.500,40,in,8.5,585.0,4.599999904632568,3.1500000953674316,2.6330654064111543,-3.808333333333333,40
1999-10-13 20:38:42.000,40,in,8.5,585.0,4.599999904632568,3.1500000953674316,2.6330654064111543,-8.7,40
1999-10-15 21:52:32.000,40,out,8.5,675.0,1.600000023841858,1.4600000381469727,1.2193254181693642,-22.53333333333333,40
1999-10-29 17:37:19.000,41,in,9.199999809265137,385.0,13.199999809265137,3.75,3.272558934712796,-7.316666666666666,41
1999-10-29 17:47:33.000,41,in,9.199999809265137,385.0,13.199999809265137,3.75,3.272558934712796,-17.549999999999997,41
1999-10-29 18:27:55.000,41,in,11.0,384.0,14.199999809265137,4.190000057220459,3.502215612478125,2.0833333333333335,41
1999-10-29 18:30:00.000,41,in,11.0,384.0,14.199999809265137,4.190000057220459,3.502215612478125,0.0,41
1999-10-29 18:52:39.000,41,in,11.0,384.0,14.199999809265137,4.190000057220459,3.502215612478125,-22.65,41
1999-10-29 19:11:38.000,41,in,10.5,394.0,16.899999618530273,5.25,4.388046598792251,18.366666666666667,41
1999-10-29 19:49:46.000,41,in,10.5,394.0,16.899999618530273,5.25,4.388046598792251,-19.766666666666666,41
1999-11-01 05:39:54.000,41,out,5.800000190734863,416.0,9.0,3.119999885559082,2.6050811904,-9.9,41
1999-11-01 05:55:19.000,41,out,5.800000190734863,416.0,9.0,3.119999885559082,2.6050811904,-25.316666666666666,41
1999-11-01 06:10:19.000,41,out,6.400000095367432,429.0,9.300000190734863,3.4200000762939453,2.8627909410933365,19.683333333333334,41
1999-11-01 06:36:31.000,41,out,6.400000095367432,429.0,9.300000190734863,3.4200000762939453,2.8627909410933365,-6.516666666666667,41
1999-11-01 07:40:02.000,41,out,8.5,448.0,6.099999904632568,2.509999990463257,2.047754781425391,-10.033333333333333,41
1999-11-14 07:29:38.000,42,in,5.800000190734863,440.0,3.4000000953674316,1.3200000524520874,1.1009722548814393,0.3666666666666667,42
1999-11-14 07:52:00.000,42,in,5.800000190734863,440.0,3.4000000953674316,1.3200000524520874,1.1009722548814393,-22.0,42
1999-11-14 09:44:20.000,42,in,8.100000381469727,434.0,4.5,1.7000000476837158,1.4176991052,-14.333333333333334,42
1999-11-14 09:56:52.000,42,in,8.100000381469727,434.0,4.5,1.7000000476837158,1.4176991052,-26.866666666666667,42
1999-11-14 10:11:13.000,42,in,8.600000381469727,427.0,4.400000095367432,1.600000023841858,1.3418393648435845,18.78333333333333,42
1999-11-18 04:40:08.000,42,out,8.600000381469727,506.0,3.5999999046325684,1.840000033378601,1.5416848881192968,-130.13333333333335,42
1999-11-18 08:16:15.000,42,out,6.599999904632568,488.0,3.0999999046325684,1.4800000190734863,1.2347908906532779,73.75,42
1999-11-18 08:56:37.000,42,out,6.599999904632568,488.0,3.0999999046325684,1.4800000190734863,1.2347908906532779,33.38333333333333,42
1999-11-30 12:17:23.000,43,in,4.599999904632568,366.0,11.199999809265137,2.9600000381469727,2.5094137799849374,12.616666666666667,43
1999-11-30 12:17:46.000,43,in,4.599999904632568,366.0,11.199999809265137,2.9600000381469727,2.5094137799849374,12.233333333333334,43
1999-11-30 12:32:03.000,43,in,4.599999904632568,366.0,11.199999809265137,2.9600000381469727,2.5094137799849374,-2.05,43
1999-11-30 12:34:52.000,43,in,4.599999904632568,366.0,11.199999809265137,2.9600000381469727,2.5094137799849374,-4.866666666666666,43
1999-11-30 13:00:08.000,43,in,5.699999809265137,396.0,13.699999809265137,4.300000190734863,3.5933789998920687,29.866666666666667,43
1999-11-30 13:13:39.000,43,in,5.699999809265137,396.0,13.699999809265137,4.300000190734863,3.5933789998920687,16.35,43
1999-11-30 13:54:20.000,43,in,5.699999809265137,396.0,13.699999809265137,4.300000190734863,3.5933789998920687,-24.333333333333332,43
1999-12-05 17:41:56.000,43,out,10.100000381469727,642.0,2.299999952316284,1.899999976158142,1.5855866318475376,-11.933333333333334,43
1999-12-05 18:03:54.000,43,out,10.0,632.0,2.4000000953674316,1.9199999570846558,1.603383861472748,26.1,43
1999-12-05 18:04:48.000,43,out,10.0,632.0,2.4000000953674316,1.9199999570846558,1.603383861472748,25.2,43
1999-12-05 18:11:10.000,43,out,10.0,632.0,2.4000000953674316,1.9199999570846558,1.603383861472748,18.833333333333332,43
1999-12-05 18:14:42.000,43,out,10.0,632.0,2.4000000953674316,1.9199999570846558,1.603383861472748,15.3,43
1999-12-05 18:49:09.000,43,out,10.0,632.0,2.4000000953674316,1.9199999570846558,1.603383861472748,-19.15,43
1999-12-05 19:11:02.000,43,out,9.300000190734863,642.0,2.200000047683716,1.809999942779541,1.5166481469524626,18.96666666666667,43
1999-12-05 19:42:17.000,43,out,9.300000190734863,642.0,2.200000047683716,1.809999942779541,1.5166481469524626,-12.283333333333333,43
1999-12-05 20:26:32.000,43,out,9.899999618530273,624.0,2.5999999046325684,2.0199999809265137,1.6933027116500243,3.4666666666666663,43
1999-12-05 20:31:07.000,43,out,9.899999618530273,624.0,2.5999999046325684,2.0199999809265137,1.6933027116500243,-1.1166666666666665,43
1999-12-05 20:32:11.000,43,out,9.899999618530273,624.0,2.5999999046325684,2.0199999809265137,1.6933027116500243,-2.183333333333333,43
1999-12-05 21:03:40.000,43,out,9.300000190734863,624.0,2.5,1.9500000476837158,1.6281757440000002,26.333333333333332,43
1999-12-05 21:04:56.000,43,out,9.300000190734863,624.0,2.5,1.9500000476837158,1.6281757440000002,25.06666666666667,43
1999-12-05 21:09:56.500,43,out,9.300000190734863,624.0,2.5,1.9500000476837158,1.6281757440000002,20.058333333333334,43
1999-12-05 21:10:15.000,43,out,9.300000190734863,624.0,2.5,1.9500000476837158,1.6281757440000002,19.75,43
1999-12-05 21:17:13.000,43,out,9.300000190734863,624.0,2.5,1.9500000476837158,1.6281757440000002,12.783333333333333,43
1999-12-05 21:19:50.000,43,out,9.300000190734863,624.0,2.5,1.9500000476837158,1.6281757440000002,10.166666666666668,43
1999-12-05 21:41:23.000,43,out,9.300000190734863,624.0,2.5,1.9500000476837158,1.6281757440000002,-11.383333333333333,43
1999-12-05 21:59:48.000,43,out,9.300000190734863,624.0,2.5,1.9500000476837158,1.6281757440000002,-29.799999999999997,43
1999-12-05 22:14:08.000,43,out,8.699999809265137,622.0,2.299999952316284,1.7799999713897705,1.4883349794637637,15.866666666666665,43
1999-12-05 22:19:33.000,43,out,8.699999809265137,622.0,2.299999952316284,1.7799999713897705,1.4883349794637637,10.45,43
1999-12-05 22:48:13.000,43,out,8.699999809265137,622.0,2.299999952316284,1.7799999713897705,1.4883349794637637,-18.216666666666665,43
1999-12-05 23:22:33.000,43,out,8.699999809265137,621.0,2.299999952316284,1.7699999809265137,1.4835531834229,7.449999999999999,43
1999-12-05 23:26:33.000,43,out,8.699999809265137,621.0,2.299999952316284,1.7699999809265137,1.4835531834229,3.45,43
1999-12-05 23:29:11.000,43,out,8.699999809265137,621.0,2.299999952316284,1.7699999809265137,1.4835531834229,0.8166666666666667,43
1999-12-05 23:31:00.000,43,out,8.699999809265137,621.0,2.299999952316284,1.7699999809265137,1.4835531834229,-1.0,43
1999-12-06 00:09:44.000,43,out,8.899999618530273,620.0,2.5,1.9199999570846558,1.6073686000000003,20.266666666666666,43
1999-12-06 00:17:17.000,43,out,8.899999618530273,620.0,2.5,1.9199999570846558,1.6073686000000003,12.716666666666667,43
1999-12-06 00:52:07.000,43,out,8.899999618530273,620.0,2.5,1.9199999570846558,1.6073686000000003,-22.116666666666667,43
1999-12-06 00:59:43.000,43,out,8.899999618530273,620.0,2.5,1.9199999570846558,1.6073686000000003,-29.716666666666665,43
1999-12-06 01:25:02.000,43,out,8.899999618530273,615.0,2.5999999046325684,1.9700000286102295,1.644809690668738,4.966666666666667,43
1999-12-06 01:35:15.000,43,out,8.899999618530273,615.0,2.5999999046325684,1.9700000286102295,1.644809690668738,-5.25,43
1999-12-06 01:44:08.000,43,out,8.899999618530273,615.0,2.5999999046325684,1.9700000286102295,1.644809690668738,-14.133333333333333,43
1999-12-06 02:19:40.000,43,out,9.800000190734863,633.0,2.5999999046325684,2.0799999237060547,1.74250023172547,10.333333333333334,43
1999-12-06 02:23:08.000,43,out,9.800000190734863,633.0,2.5999999046325684,2.0799999237060547,1.74250023172547,6.866666666666667,43
1999-12-06 02:38:54.000,43,out,9.800000190734863,633.0,2.5999999046325684,2.0799999237060547,1.74250023172547,-8.9,43
1999-12-06 02:40:18.000,43,out,9.800000190734863,633.0,2.5999999046325684,2.0799999237060547,1.74250023172547,-10.299999999999999,43
1999-12-06 03:34:47.000,43,out,10.199999809265137,625.0,2.9000000953674316,2.2699999809265137,1.8947422498092057,-4.783333333333333,43
1999-12-06 03:40:39.000,43,out,10.199999809265137,625.0,2.9000000953674316,2.2699999809265137,1.8947422498092057,-10.649999999999999,43
1999-12-06 04:52:08.000,43,out,9.699999809265137,623.0,2.799999952316284,2.1700000762939453,1.8177167521644677,-22.133333333333333,43
1999-12-06 05:12:16.000,43,out,9.699999809265137,626.0,2.9000000953674316,2.2699999809265137,1.9008102755487546,17.733333333333334,43
1999-12-06 05:14:36.000,43,out,9.699999809265137,626.0,2.9000000953674316,2.2699999809265137,1.9008102755487546,15.399999999999999,43
1999-12-06 05:22:13.000,43,out,9.699999809265137,626.0,2.9000000953674316,2.2699999809265137,1.9008102755487546,7.783333333333332,43
1999-12-06 05:26:02.000,43,out,9.699999809265137,626.0,2.9000000953674316,2.2699999809265137,1.9008102755487546,3.9666666666666663,43
1999-12-06 05:32:22.000,43,out,9.699999809265137,626.0,2.9000000953674316,2.2699999809265137,1.9008102755487546,-2.3666666666666667,43
1999-12-06 09:00:34.000,43,out,9.100000381469727,621.0,2.5,1.9299999475479126,1.6125578415000001,29.433333333333334,43
1999-12-06 09:25:07.000,43,out,9.100000381469727,621.0,2.5,1.9299999475479126,1.6125578415000001,4.883333333333333,43
1999-12-06 13:09:45.000,43,out,7.300000190734863,592.0,2.5999999046325684,1.8200000524520874,1.5240837687369384,20.25,43
1999-12-06 13:23:25.000,43,out,7.300000190734863,592.0,2.5999999046325684,1.8200000524520874,1.5240837687369384,6.583333333333333,43
1999-12-06 13:37:11.000,43,out,7.300000190734863,592.0,2.5999999046325684,1.8200000524520874,1.5240837687369384,-7.183333333333333,43
1999-12-06 13:44:42.000,43,out,7.300000190734863,592.0,2.5999999046325684,1.8200000524520874,1.5240837687369384,-14.7,43
1999-12-06 13:48:11.000,43,out,7.300000190734863,592.0,2.5999999046325684,1.8200000524520874,1.5240837687369384,-18.183333333333334,43
1999-12-06 13:56:15.000,43,out,7.300000190734863,592.0,2.5999999046325684,1.8200000524520874,1.5240837687369384,-26.25,43
1999-12-06 15:38:40.000,43,out,5.800000190734863,553.0,2.0999999046325684,1.2799999713897705,1.0741418313599276,-8.666666666666666,43
1999-12-06 16:21:38.000,43,out,6.800000190734863,560.0,2.700000047683716,1.690000057220459,1.4162238970114136,8.366666666666667,43
1999-12-06 16:33:44.000,43,out,6.800000190734863,560.0,2.700000047683716,1.690000057220459,1.4162238970114136,-3.7333333333333334,43
1999-12-06 16:43:18.000,43,out,6.800000190734863,560.0,2.700000047683716,1.690000057220459,1.4162238970114136,-13.3,43
1999-12-06 17:13:25.000,43,out,6.800000190734863,549.0,2.5999999046325684,1.5700000524520874,1.3107205646830544,16.583333333333336,43
1999-12-06 17:14:01.000,43,out,6.800000190734863,549.0,2.5999999046325684,1.5700000524520874,1.3107205646830544,15.983333333333334,43
1999-12-06 17:55:59.000,43,out,6.800000190734863,549.0,2.5999999046325684,1.5700000524520874,1.3107205646830544,-25.983333333333334,43
1999-12-06 18:00:05.000,43,out,7.400000095367432,563.0,2.5,1.5800000429153442,1.3254058735000003,29.916666666666668,43
1999-12-06 18:17:23.000,43,out,7.400000095367432,563.0,2.5,1.5800000429153442,1.3254058735000003,12.616666666666667,43
1999-12-06 18:18:45.000,43,out,7.400000095367432,563.0,2.5,1.5800000429153442,1.3254058735000003,11.25,43
1999-12-06 18:49:05.000,43,out,7.400000095367432,563.0,2.5,1.5800000429153442,1.3254058735000003,-19.083333333333332,43
1999-12-06 18:50:23.000,43,out,7.400000095367432,563.0,2.5,1.5800000429153442,1.3254058735000003,-20.383333333333333,43
1999-12-16 17:45:04.000,44,in,6.400000095367432,451.0,3.700000047683716,1.5099999904632568,1.2587715128424062,-15.066666666666666,44
1999-12-20 09:22:42.000,44,out,12.100000381469727,378.0,5.900000095367432,1.690000057220459,1.4100279153516508,7.300000000000001,44
1999-12-20 10:16:44.000,44,out,12.5,375.0,5.800000190734863,1.6299999952316284,1.364214419862628,13.266666666666667,44
1999-12-20 13:07:04.000,44,out,10.699999809265137,370.0,5.900000095367432,1.6200000047683716,1.3509757678371335,22.933333333333334,44
1999-12-20 15:40:44.000,44,out,10.699999809265137,370.0,5.400000095367432,1.4800000190734863,1.2364862978371334,-10.733333333333333,44
1999-12-20 17:59:10.000,44,out,11.0,361.0,5.400000095367432,1.409999966621399,1.1770645056277067,-29.166666666666668,44
1999-12-20 20:37:19.000,44,out,8.899999618530273,377.0,4.900000095367432,1.3899999856948853,1.1648523531312196,-7.316666666666666,44
1999-12-20 23:31:57.000,44,out,9.5,355.0,4.599999904632568,1.159999966621399,0.9696312888975549,-1.9500000000000002,44
1999-12-29 00:33:49.000,45,in,4.099999904632568,363.0,5.0,1.3200000524520874,1.1019841470000002,-3.8166666666666664,45
1999-12-29 04:36:44.000,45,in,10.199999809265137,379.0,9.0,2.5899999141693115,2.1622854294000002,-6.733333333333333,45
1999-12-31 06:18:04.000,45,in,6.900000095367432,660.0,4.900000095367432,4.269999980926514,3.5700644134832387,11.933333333333334,45
1999-12-31 06:25:01.000,45,in,6.900000095367432,660.0,4.900000095367432,4.269999980926514,3.5700644134832387,4.9833333333333325,45
1999-12-31 06:35:18.000,45,in,6.900000095367432,660.0,4.900000095367432,4.269999980926514,3.5700644134832387,-5.3,45
1999-12-31 06:46:05.000,45,in,6.900000095367432,660.0,4.900000095367432,4.269999980926514,3.5700644134832387,-16.083333333333332,45
1999-12-31 06:50:10.000,45,in,6.900000095367432,660.0,4.900000095367432,4.269999980926514,3.5700644134832387,-20.166666666666668,45
1999-12-31 07:00:11.000,45,in,6.699999809265137,664.0,4.699999809265137,4.139999866485596,3.4659803124639774,29.816666666666666,45
1999-12-31 07:09:13.000,45,in,6.699999809265137,664.0,4.699999809265137,4.139999866485596,3.4659803124639774,20.783333333333335,45
1999-12-31 07:10:22.000,45,in,6.699999809265137,664.0,4.699999809265137,4.139999866485596,3.4659803124639774,19.633333333333336,45
1999-12-31 07:22:53.000,45,in,6.699999809265137,664.0,4.699999809265137,4.139999866485596,3.4659803124639774,7.116666666666667,45
1999-12-31 07:24:58.000,45,in,6.699999809265137,664.0,4.699999809265137,4.139999866485596,3.4659803124639774,5.033333333333333,45
1999-12-31 07:28:31.000,45,in,6.699999809265137,664.0,4.699999809265137,4.139999866485596,3.4659803124639774,1.4833333333333334,45
1999-12-31 07:55:31.000,45,in,6.699999809265137,664.0,4.699999809265137,4.139999866485596,3.4659803124639774,-25.516666666666666,45
1999-12-31 08:02:34.000,45,in,6.900000095367432,686.0,4.699999809265137,4.420000076293945,3.6994585369889905,27.43333333333333,45
1999-12-31 08:15:22.000,45,in,6.900000095367432,686.0,4.699999809265137,4.420000076293945,3.6994585369889905,14.633333333333333,45
1999-12-31 08:19:36.000,45,in,6.900000095367432,686.0,4.699999809265137,4.420000076293945,3.6994585369889905,10.4,45
2000-01-24 23:06:43.000,45,out,5.300000190734863,352.0,4.699999809265137,1.159999966621399,0.9740365633517579,23.28333333333333,45
2000-01-25 00:02:42.000,45,out,4.300000190734863,333.0,3.799999952316284,0.8399999737739563,0.704797168475961,27.3,45
2000-01-25 01:11:37.000,45,out,4.400000095367432,338.0,4.0,0.9100000262260437,0.7643380576000001,18.383333333333333,45
2000-01-25 05:02:04.000,45,out,6.699999809265137,336.0,6.5,1.3600000143051147,1.2273940224,27.933333333333334,45
2000-01-25 05:31:23.000,45,out,6.699999809265137,336.0,6.5,1.3600000143051147,1.2273940224,-1.3833333333333333,45
2000-04-09 12:58:23.000,46,in,7.400000095367432,548.0,1.600000023841858,0.8799999952316284,0.8036615646154903,-28.383333333333333,46
2000-04-10 14:20:18.000,46,out,6.400000095367432,471.0,1.899999976158142,0.8399999737739563,0.7049973786934487,9.7,46
2000-04-10 15:22:30.000,46,out,6.5,456.0,2.200000047683716,0.9100000262260437,0.7651462745040986,7.5,46
2000-04-10 15:24:53.000,46,out,6.5,456.0,2.200000047683716,0.9100000262260437,0.7651462745040986,5.116666666666666,46
2000-05-02 00:50:49.000,47,in,2.5,528.0,1.399999976158142,0.7799999713897705,0.6528117546426819,-20.816666666666666,47
2000-05-02 03:59:28.000,47,in,1.5,478.0,0.699999988079071,0.3199999928474426,0.26751363232426995,-29.466666666666665,47
2000-05-02 05:19:17.000,47,in,1.7000000476837158,462.0,1.100000023841858,0.4699999988079071,0.3927070863516967,10.716666666666667,47
2000-05-02 11:21:14.000,47,in,2.4000000953674316,762.0,0.800000011920929,0.9300000071525574,0.7769481350974292,8.766666666666666,47
2000-05-02 11:54:20.000,47,in,2.4000000953674316,762.0,0.800000011920929,0.9300000071525574,0.7769481350974292,-24.333333333333332,47
2000-05-02 11:56:31.000,47,in,2.4000000953674316,762.0,0.800000011920929,0.9300000071525574,0.7769481350974292,-26.516666666666666,47
2000-05-02 12:09:14.000,47,in,3.200000047683716,812.0,1.2000000476837158,1.5800000429153442,1.3233825818664973,20.766666666666666,47
2000-05-02 12:27:45.000,47,in,3.200000047683716,812.0,1.2000000476837158,1.5800000429153442,1.3233825818664973,2.25,47
2000-05-02 12:46:58.000,47,in,3.200000047683716,812.0,1.2000000476837158,1.5800000429153442,1.3233825818664973,-16.96666666666667,47
2000-05-02 12:55:12.000,47,in,3.200000047683716,812.0,1.2000000476837158,1.5800000429153442,1.3233825818664973,-25.2,47
2000-05-02 13:03:12.000,47,in,4.599999904632568,738.0,2.9000000953674316,3.1600000858306885,2.6418175946370175,26.8,47
2000-05-02 13:09:52.000,47,in,4.599999904632568,738.0,2.9000000953674316,3.1600000858306885,2.6418175946370175,20.133333333333333,47
2000-05-02 14:45:10.000,47,in,5.099999904632568,701.0,3.5,3.440000057220459,2.8767105941000004,-15.166666666666666,47
2000-05-03 12:05:52.000,47,out,11.399999618530273,496.0,6.199999809265137,3.049999952316284,2.5512153634352055,24.133333333333333,47
2000-05-03 12:12:12.000,47,out,11.399999618530273,496.0,6.199999809265137,3.049999952316284,2.5512153634352055,17.8,47
2000-05-03 12:14:10.000,47,out,11.399999618530273,496.0,6.199999809265137,3.049999952316284,2.5512153634352055,15.833333333333334,47
2000-05-25 08:40:38.000,48,in,6.699999809265137,547.0,1.7000000476837158,1.2300000190734863,0.8507768786436481,-10.633333333333333,48
2000-05-25 08:48:09.000,48,in,6.699999809265137,547.0,1.7000000476837158,1.2300000190734863,0.8507768786436481,-18.15,48
2000-05-25 09:10:28.000,48,in,6.099999904632568,549.0,1.399999976158142,0.8399999737739563,0.7057726256207636,19.53333333333333,48
2000-05-25 09:25:52.000,48,in,6.099999904632568,549.0,1.399999976158142,0.8399999737739563,0.7057726256207636,4.133333333333333,48
2000-05-25 09:32:49.000,48,in,6.099999904632568,549.0,1.399999976158142,0.8399999737739563,0.7057726256207636,-2.8166666666666664,48
2000-05-25 09:38:28.000,48,in,6.099999904632568,549.0,1.399999976158142,0.8399999737739563,0.7057726256207636,-8.466666666666667,48
2000-05-25 11:13:49.000,48,in,6.599999904632568,542.0,1.5,0.8799999952316284,0.7370244996,16.18333333333333,48
2000-05-25 11:20:04.000,48,in,6.599999904632568,542.0,1.5,0.8799999952316284,0.7370244996,9.933333333333334,48
2000-05-25 11:30:53.000,48,in,6.599999904632568,542.0,1.5,0.8799999952316284,0.7370244996,-0.8833333333333333,48
2000-05-25 12:48:16.500,48,in,6.300000190734863,533.0,1.399999976158142,0.800000011920929,0.6652341546311297,-18.275,48
2000-05-25 13:18:40.000,48,in,11.5,544.0,3.299999952316284,1.9500000476837158,1.6334424032773927,11.333333333333332,48
2000-05-25 13:18:58.000,48,in,11.5,544.0,3.299999952316284,1.9500000476837158,1.6334424032773927,11.033333333333333,48
2000-05-25 13:19:23.000,48,in,11.5,544.0,3.299999952316284,1.9500000476837158,1.6334424032773927,10.616666666666665,48
2000-05-25 13:36:54.000,48,in,11.5,544.0,3.299999952316284,1.9500000476837158,1.6334424032773927,-6.9,48
2000-05-25 13:38:23.000,48,in,11.5,544.0,3.299999952316284,1.9500000476837158,1.6334424032773927,-8.383333333333333,48
2000-05-25 13:38:50.000,48,in,11.5,544.0,3.299999952316284,1.9500000476837158,1.6334424032773927,-8.833333333333334,48
2000-05-25 13:58:16.000,48,in,11.5,544.0,3.299999952316284,1.9500000476837158,1.6334424032773927,-28.266666666666666,48
2000-05-25 13:58:44.000,48,in,11.5,544.0,3.299999952316284,1.9500000476837158,1.6334424032773927,-28.73333333333333,48
2000-05-25 14:03:28.000,48,in,14.800000190734863,542.0,4.300000190734863,2.5299999713897705,2.1128036592375117,26.533333333333335,48
2000-05-26 16:50:25.000,48,out,7.199999809265137,414.0,2.700000047683716,0.9300000071525574,0.7740277775898222,-20.416666666666668,48
2000-06-10 01:09:53.000,49,in,3.0,595.0,0.8999999761581421,0.6399999856948853,0.5329279793822295,20.116666666666667,49
2000-06-11 04:19:46.000,49,out,6.900000095367432,478.0,2.799999952316284,1.2799999713897705,1.0700545292970798,10.233333333333333,49
2000-06-11 04:52:08.000,49,out,6.900000095367432,478.0,2.799999952316284,1.2799999713897705,1.0700545292970798,-22.133333333333333,49
2000-06-11 05:02:07.000,49,out,7.099999904632568,482.0,2.799999952316284,1.2999999523162842,1.0880383241908176,27.883333333333333,49
2000-06-11 05:26:42.000,49,out,7.099999904632568,482.0,2.799999952316284,1.2999999523162842,1.0880383241908176,3.3,49
2000-06-11 05:42:15.000,49,out,7.099999904632568,482.0,2.799999952316284,1.2999999523162842,1.0880383241908176,-12.25,49
2000-06-11 05:54:30.000,49,out,7.099999904632568,482.0,2.799999952316284,1.2999999523162842,1.0880383241908176,-24.5,49
2000-06-11 06:01:13.000,49,out,7.0,468.0,2.5999999046325684,1.0499999523162842,0.9524827753031387,28.78333333333333,49
2000-06-11 06:07:42.000,49,out,7.0,468.0,2.5999999046325684,1.0499999523162842,0.9524827753031387,22.299999999999997,49
2000-06-11 06:16:22.000,49,out,7.0,468.0,2.5999999046325684,1.0499999523162842,0.9524827753031387,13.633333333333333,49
2000-06-26 11:16:40.000,50,in,5.099999904632568,561.0,5.900000095367432,3.5399999618530273,3.10577388334164,13.333333333333332,50
2000-06-26 11:46:18.000,50,in,5.099999904632568,561.0,5.900000095367432,3.5399999618530273,3.10577388334164,-16.3,50
2000-06-26 13:13:32.000,50,in,5.599999904632568,544.0,6.199999809265137,3.6700000762939453,3.0688917379095706,16.466666666666665,50
2000-06-27 17:54:33.000,50,out,8.5,547.0,2.4000000953674316,1.440000057220459,1.2010967838872963,-24.55,50
2000-07-09 16:15:42.000,51,in,7.199999809265137,360.0,5.5,1.659999966621399,1.19222928,14.3,51
2000-07-09 16:16:27.000,51,in,7.199999809265137,360.0,5.5,1.659999966621399,1.19222928,13.55,51
2000-07-09 16:37:28.000,51,in,7.199999809265137,360.0,5.5,1.659999966621399,1.19222928,-7.466666666666667,51
2000-07-09 17:38:43.000,51,in,7.599999904632568,372.0,5.599999904632568,1.5499999523162842,1.2961820169661515,-8.716666666666667,51
2000-07-09 17:40:39.000,51,in,7.599999904632568,372.0,5.599999904632568,1.5499999523162842,1.2961820169661515,-10.649999999999999,51
2000-07-09 17:41:56.000,51,in,7.599999904632568,372.0,5.599999904632568,1.5499999523162842,1.2961820169661515,-11.933333333333334,51
2000-07-09 17:47:03.000,51,in,7.599999904632568,372.0,5.599999904632568,1.5499999523162842,1.2961820169661515,-17.05,51
2000-07-11 03:13:06.000,51,out,5.900000095367432,444.0,17.100000381469727,6.739999771118164,5.638377544341889,16.900000000000002,51
2000-07-22 23:33:25.000,52,in,6.800000190734863,413.0,3.700000047683716,1.2599999904632568,1.0555867383838642,-3.4166666666666665,52
2000-07-22 23:56:47.000,52,in,6.800000190734863,413.0,3.700000047683716,1.2599999904632568,1.0555867383838642,-26.783333333333335,52
2000-07-23 00:00:34.000,52,in,5.699999809265137,404.0,2.799999952316284,0.9100000262260437,0.7643862154625801,29.433333333333334,52
2000-07-25 14:53:04.000,52,out,4.099999904632568,342.0,3.799999952316284,0.8899999856948853,0.7434091389914446,-23.066666666666666,52
2000-08-03 14:04:00.000,53,in,7.800000190734863,419.0,6.0,2.109999895095825,1.7618599716,26.0,53
2000-08-03 14:08:00.000,53,in,7.800000190734863,419.0,6.0,2.109999895095825,1.7618599716,22.0,53
2000-08-03 14:22:00.000,53,in,7.800000190734863,419.0,6.0,2.109999895095825,1.7618599716,8.0,53
2000-08-03 14:24:00.000,53,in,7.800000190734863,419.0,6.0,2.109999895095825,1.7618599716,6.0,53
2000-08-03 15:25:48.000,53,in,7.900000095367432,427.0,6.400000095367432,2.3299999237060547,1.9517663356435844,4.2,53
2000-08-03 15:47:34.000,53,in,7.900000095367432,427.0,6.400000095367432,2.3299999237060547,1.9517663356435844,-17.56666666666667,53
2000-08-03 15:53:13.000,53,in,7.900000095367432,427.0,6.400000095367432,2.3299999237060547,1.9517663356435844,-23.216666666666665,53
2000-08-05 21:54:51.000,53,out,5.300000190734863,547.0,3.299999952316284,1.9700000286102295,1.651507988356352,-24.85,53
2000-08-05 22:09:14.000,53,out,5.5,542.0,3.299999952316284,1.940000057220459,1.6214538756906223,20.766666666666666,53
2000-08-05 22:12:33.000,53,out,5.5,542.0,3.299999952316284,1.940000057220459,1.6214538756906223,17.45,53
2000-08-05 22:14:11.000,53,out,5.5,542.0,3.299999952316284,1.940000057220459,1.6214538756906223,15.816666666666668,53
2000-08-05 22:16:45.000,53,out,5.5,542.0,3.299999952316284,1.940000057220459,1.6214538756906223,13.25,53
2000-08-05 22:18:15.000,53,out,5.5,542.0,3.299999952316284,1.940000057220459,1.6214538756906223,11.75,53
2000-08-05 22:21:10.000,53,out,5.5,542.0,3.299999952316284,1.940000057220459,1.6214538756906223,8.833333333333334,53
2000-08-05 22:22:03.000,53,out,5.5,542.0,3.299999952316284,1.940000057220459,1.6214538756906223,7.95,53
2000-08-05 22:23:13.000,53,out,5.5,542.0,3.299999952316284,1.940000057220459,1.6214538756906223,6.783333333333334,53
2000-08-05 22:32:13.000,53,out,5.5,542.0,3.299999952316284,1.940000057220459,1.6214538756906223,-2.216666666666667,53
2000-08-05 22:44:59.000,53,out,5.5,542.0,3.299999952316284,1.940000057220459,1.6214538756906223,-14.983333333333334,53
2000-08-05 22:47:37.000,53,out,5.5,542.0,3.299999952316284,1.940000057220459,1.6214538756906223,-17.616666666666667,53
2000-08-05 23:12:13.000,53,out,6.0,571.0,3.5999999046325684,2.3499999046325684,1.9632101837526896,17.78333333333333,53
2000-08-05 23:30:06.000,53,out,6.0,571.0,3.5999999046325684,2.3499999046325684,1.9632101837526896,-0.1,53
2000-08-06 00:08:45.000,53,out,6.099999904632568,556.0,3.299999952316284,2.0399999618530273,1.7063008582246162,21.25,53
2000-08-06 00:11:21.000,53,out,6.099999904632568,556.0,3.299999952316284,2.0399999618530273,1.7063008582246162,18.650000000000002,53
2000-08-06 00:19:02.000,53,out,6.099999904632568,556.0,3.299999952316284,2.0399999618530273,1.7063008582246162,10.966666666666667,53
2000-08-06 00:35:57.000,53,out,6.099999904632568,556.0,3.299999952316284,2.0399999618530273,1.7063008582246162,-5.95,53
2000-08-06 12:01:00.000,53,out,8.100000381469727,524.0,3.0999999046325684,1.7000000476837158,1.4236929907619524,29.0,53
2000-08-06 12:17:51.000,53,out,8.100000381469727,524.0,3.0999999046325684,1.7000000476837158,1.4236929907619524,12.15,53
2000-08-06 12:22:42.000,53,out,8.100000381469727,524.0,3.0999999046325684,1.7000000476837158,1.4236929907619524,7.300000000000001,53
2000-08-06 12:24:47.000,53,out,8.100000381469727,524.0,3.0999999046325684,1.7000000476837158,1.4236929907619524,5.216666666666667,53
2000-08-06 12:28:45.000,53,out,8.100000381469727,524.0,3.0999999046325684,1.7000000476837158,1.4236929907619524,1.25,53
2000-08-06 12:31:08.000,53,out,8.100000381469727,524.0,3.0999999046325684,1.7000000476837158,1.4236929907619524,-1.1333333333333333,53
2000-08-06 12:33:27.000,53,out,8.100000381469727,524.0,3.0999999046325684,1.7000000476837158,1.4236929907619524,-3.45,53
2000-08-06 13:17:50.000,53,out,7.699999809265137,495.0,2.799999952316284,1.3700000047683716,1.1475206624578393,12.166666666666666,53
2000-08-06 13:20:31.000,53,out,7.699999809265137,495.0,2.799999952316284,1.3700000047683716,1.1475206624578393,9.483333333333334,53
2000-08-06 13:33:28.000,53,out,7.699999809265137,495.0,2.799999952316284,1.3700000047683716,1.1475206624578393,-3.4666666666666663,53
2000-08-06 15:06:39.000,53,out,7.400000095367432,487.0,2.5999999046325684,1.2300000190734863,1.0313910226088012,23.35,53
2000-08-15 12:44:00.000,54,in,8.5,488.0,3.299999952316284,1.5700000524520874,1.3144548405266387,-14.0,54
2000-08-17 15:42:30.000,54,out,16.0,349.0,7.599999904632568,1.850000023841858,1.5483050603313318,-12.5,54
2000-08-17 15:43:10.000,54,out,16.0,349.0,7.599999904632568,1.850000023841858,1.5483050603313318,-13.166666666666666,54
2000-08-17 15:44:00.000,54,out,16.0,349.0,7.599999904632568,1.850000023841858,1.5483050603313318,-14.0,54
2001-02-20 02:45:30.000,55,in,,,,,,,55
2001-02-24 22:56:52.000,55,out,10.800000190734863,334.0,4.0,0.8899999856948853,0.7463542624,-26.866666666666667,55
2001-09-08 08:13:44.000,56,in,,,,,,,56
2001-09-08 08:17:12.000,56,in,,,,,,,56
2001-09-08 08:48:57.000,56,in,,,,,,,56
2001-09-08 10:27:00.000,56,in,,,,,,,56
2001-09-08 12:01:49.000,56,in,,,,,,,56
2001-09-08 15:15:59.000,56,in,,,,,,,56
2001-09-08 15:59:18.000,56,in,1.600000023841858,388.0,0.30000001192092896,0.09000000357627869,0.07553997132168866,210.7,56
2001-09-11 23:50:52.000,56,out,3.700000047683716,405.0,3.799999952316284,1.25,1.0425232039180576,-20.866666666666667,56
2001-09-12 00:15:31.000,56,out,4.099999904632568,405.0,3.4000000953674316,1.1200000047683716,0.9327839571638846,14.483333333333333,56
2001-09-12 00:19:14.000,56,out,4.099999904632568,405.0,3.4000000953674316,1.1200000047683716,0.9327839571638846,10.766666666666666,56
2001-09-12 03:17:01.000,56,out,5.400000095367432,438.0,3.5999999046325684,1.399999976158142,1.1551617572386632,12.983333333333333,56
2001-09-12 03:18:34.000,56,out,5.400000095367432,438.0,3.5999999046325684,1.399999976158142,1.1551617572386632,11.433333333333334,56
2001-10-03 04:01:35.000,57,in,6.0,477.0,5.5,2.9600000381469727,2.0931075297,28.416666666666664,57
2001-10-03 04:06:15.000,57,in,6.0,477.0,5.5,2.9600000381469727,2.0931075297,23.75,57
2001-10-03 04:24:36.000,57,in,6.0,477.0,5.5,2.9600000381469727,2.0931075297,5.3999999999999995,57
2001-10-03 04:29:04.000,57,in,6.0,477.0,5.5,2.9600000381469727,2.0931075297,0.9333333333333333,57
2001-10-03 04:43:37.000,57,in,6.0,477.0,5.5,2.9600000381469727,2.0931075297,-13.616666666666667,57
2001-10-04 09:30:44.000,57,out,16.600000381469727,509.0,5.5,2.8499999046325684,2.3833638433,-0.7333333333333334,57
2001-10-04 09:36:28.000,57,out,16.600000381469727,509.0,5.5,2.8499999046325684,2.3833638433,-6.466666666666667,57
2001-10-04 09:39:50.000,57,out,16.600000381469727,509.0,5.5,2.8499999046325684,2.3833638433,-9.833333333333334,57
2001-10-04 10:01:35.000,57,out,18.600000381469727,514.0,5.699999809265137,3.0399999618530273,2.5187970244353646,28.416666666666664,57
2001-10-04 10:11:22.000,57,out,18.600000381469727,514.0,5.699999809265137,3.0399999618530273,2.5187970244353646,18.633333333333333,57
2001-10-23 06:55:34.000,58,in,6.900000095367432,517.0,3.200000047683716,1.7100000381469727,1.4306162817978434,-25.566666666666666,58
2001-10-23 07:11:13.000,58,in,6.800000190734863,518.0,3.4000000953674316,1.8200000524520874,1.5259156989607816,18.78333333333333,58
2001-10-23 07:48:37.000,58,in,6.800000190734863,518.0,3.4000000953674316,1.8200000524520874,1.5259156989607816,-18.616666666666667,58
2001-10-24 20:43:06.000,58,out,6.800000190734863,373.0,3.5,0.9700000286102295,0.8144750789,-13.1,58
2001-11-14 01:14:29.000,59,in,14.600000381469727,357.0,10.199999809265137,2.5299999713897705,2.174346172820821,15.516666666666667,59
2001-11-16 01:25:39.000,59,out,4.099999904632568,361.0,10.899999618530273,2.8399999141693115,2.375926376989173,4.35,59
2001-11-16 01:45:23.000,59,out,4.099999904632568,361.0,10.899999618530273,2.8399999141693115,2.375926376989173,-15.383333333333333,59
2001-11-16 02:08:19.000,59,out,3.4000000953674316,377.0,7.300000190734863,2.0799999237060547,1.735392292762439,21.683333333333334,59
2001-11-16 02:39:14.000,59,out,3.4000000953674316,377.0,7.300000190734863,2.0799999237060547,1.735392292762439,-9.233333333333333,59
2001-11-16 04:24:06.000,59,out,3.5999999046325684,365.0,7.699999809265137,2.049999952316284,1.7158073969981433,5.8999999999999995,59
2001-11-16 06:24:37.000,59,out,3.799999952316284,358.0,8.199999809265137,1.8200000524520874,1.7578102315927193,5.383333333333333,59
2001-11-16 06:42:45.000,59,out,3.799999952316284,358.0,8.199999809265137,1.8200000524520874,1.7578102315927193,-12.75,59
2001-12-01 21:49:22.000,60,in,5.400000095367432,348.0,6.5,1.409999966621399,1.3166305776,-19.366666666666667,60
2001-12-01 22:52:44.000,60,in,3.4000000953674316,353.0,3.200000047683716,0.800000011920929,0.6669472528182884,-22.733333333333334,60
2001-12-01 23:07:11.000,60,in,5.0,371.0,5.699999809265137,1.5700000524520874,1.3122444747093371,22.816666666666666,60
2001-12-01 23:10:57.000,60,in,5.0,371.0,5.699999809265137,1.5700000524520874,1.3122444747093371,19.05,60
2001-12-02 02:22:39.000,60,in,8.0,377.0,9.699999809265137,2.759999990463257,2.3059321190375615,7.35,60
2001-12-02 02:27:48.000,60,in,8.0,377.0,9.699999809265137,2.759999990463257,2.3059321190375615,2.2,60
2001-12-02 02:45:01.000,60,in,8.0,377.0,9.699999809265137,2.759999990463257,2.3059321190375615,-15.016666666666666,60
2001-12-05 05:45:34.000,60,out,5.900000095367432,462.0,4.5,1.840000033378601,1.6065289548000001,-15.566666666666665,60
2002-07-20 15:14:46.000,61,in,7.0,769.0,1.2000000476837158,1.4199999570846558,1.1869325374844597,15.233333333333333,61
2002-07-22 01:28:01.000,61,out,10.699999809265137,525.0,4.0,2.2100000381469727,1.8440415000000001,1.9833333333333332,61
2002-07-22 01:34:37.000,61,out,10.699999809265137,525.0,4.0,2.2100000381469727,1.8440415000000001,-4.616666666666666,61
2002-07-22 01:48:18.000,61,out,10.699999809265137,525.0,4.0,2.2100000381469727,1.8440415000000001,-18.3,61
2002-08-08 22:09:05.500,62,in,9.100000381469727,347.0,19.5,4.699999809265137,3.9272238213,20.908333333333335,62
2002-08-08 22:29:50.000,62,in,9.100000381469727,347.0,19.5,4.699999809265137,3.9272238213,0.16666666666666669,62
2002-08-08 23:01:56.000,62,in,10.300000190734863,350.0,18.399999618530273,4.510000228881836,3.770040321839333,28.066666666666666,62
2002-08-08 23:16:35.000,62,in,10.300000190734863,350.0,18.399999618530273,4.510000228881836,3.770040321839333,13.416666666666668,62
2002-08-09 01:29:49.000,62,in,10.100000381469727,351.0,17.700000762939453,4.360000133514404,3.647368226235876,0.18333333333333335,62
2002-08-10 11:20:55.500,62,out,8.300000190734863,439.0,6.099999904632568,2.3499999046325684,1.9663053513187716,9.075,62
2002-08-28 20:10:02.500,63,in,4.900000095367432,480.0,2.299999952316284,1.059999942779541,0.8863441736242677,19.958333333333332,63
2002-08-28 20:28:52.500,63,in,4.900000095367432,480.0,2.299999952316284,1.059999942779541,0.8863441736242677,1.125,63
2002-08-28 20:47:42.500,63,in,4.900000095367432,480.0,2.299999952316284,1.059999942779541,0.8863441736242677,-17.708333333333332,63
2002-08-30 13:27:13.500,63,out,9.199999809265137,376.0,7.300000190734863,2.059999942779541,1.7261981775822146,2.775,63
2002-09-17 10:44:58.500,64,in,4.199999809265137,478.0,3.4000000953674316,1.5499999523162842,1.2993519870058408,-14.975,64
2002-09-17 10:50:24.500,64,in,4.199999809265137,478.0,3.4000000953674316,1.5499999523162842,1.2993519870058408,-20.40833333333333,64
2002-09-17 11:35:01.000,64,in,4.800000190734863,479.0,4.199999809265137,1.9299999475479126,1.6118045965230137,-5.016666666666667,64
2002-09-17 11:45:35.000,64,in,4.800000190734863,479.0,4.199999809265137,1.9299999475479126,1.6118045965230137,-15.583333333333334,64
2002-09-17 12:52:11.500,64,in,5.099999904632568,468.0,5.199999809265137,2.2799999713897705,1.9049655506062775,-22.191666666666666,64
2002-09-18 16:16:11.000,64,out,5.099999904632568,519.0,2.5999999046325684,1.399999976158142,1.171386299393805,13.816666666666666,64
2002-09-18 16:23:35.000,64,out,5.099999904632568,519.0,2.5999999046325684,1.399999976158142,1.171386299393805,6.416666666666666,64
2002-09-18 16:29:37.200,64,out,5.099999904632568,519.0,2.5999999046325684,1.399999976158142,1.171386299393805,0.38,64
2002-10-09 13:43:28.000,65,in,6.699999809265137,397.0,4.800000190734863,1.4800000190734863,1.265360754600917,-13.466666666666667,65
2002-10-10 09:26:31.000,65,out,7.099999904632568,414.0,6.5,2.2300000190734863,1.8634001724,3.4833333333333334,65
2002-11-01 02:26:19.000,66,in,8.199999809265137,424.0,4.5,1.559999942779541,1.3531200192000001,3.683333333333333,66
2002-11-01 21:25:01.000,66,out,7.300000190734863,428.0,9.899999618530273,3.630000114440918,3.0332961112801335,4.9833333333333325,66
2002-11-27 16:16:32.000,67,in,8.0,505.0,4.400000095367432,2.240000009536743,1.8768412266794372,13.466666666666667,67
2002-11-28 16:30:08.000,67,out,6.099999904632568,507.0,3.200000047683716,1.6399999856948853,1.3758085241811442,-0.13333333333333333,67
2002-11-28 16:33:38.000,67,out,6.099999904632568,507.0,3.200000047683716,1.6399999856948853,1.3758085241811442,-3.6333333333333333,67
2002-11-28 16:36:17.000,67,out,6.099999904632568,507.0,3.200000047683716,1.6399999856948853,1.3758085241811442,-6.283333333333333,67
2003-08-12 16:44:54.000,68,in,7.199999809265137,669.0,2.4000000953674316,2.1500000953674316,1.7966173400311563,-14.899999999999999,68
2003-08-12 16:51:05.000,68,in,7.199999809265137,669.0,2.4000000953674316,2.1500000953674316,1.7966173400311563,-21.083333333333332,68
2003-08-12 17:10:00.000,68,in,7.699999809265137,662.0,2.5,2.190000057220459,1.8325172860000003,20.0,68
2003-08-12 17:17:00.000,68,in,7.699999809265137,662.0,2.5,2.190000057220459,1.8325172860000003,13.0,68
2003-08-12 17:21:42.000,68,in,7.699999809265137,662.0,2.5,2.190000057220459,1.8325172860000003,8.3,68
2003-08-12 17:31:16.000,68,in,7.699999809265137,662.0,2.5,2.190000057220459,1.8325172860000003,-1.2666666666666666,68
2003-08-12 17:33:39.000,68,in,7.699999809265137,662.0,2.5,2.190000057220459,1.8325172860000003,-3.6500000000000004,68
2003-08-12 17:55:51.000,68,in,7.699999809265137,662.0,2.5,2.190000057220459,1.8325172860000003,-25.85,68
2003-08-12 18:12:32.000,68,in,9.399999618530273,676.0,2.5,2.2799999713897705,1.9108451440000003,17.466666666666665,68
2003-08-12 18:29:52.000,68,in,9.399999618530273,676.0,2.5,2.2799999713897705,1.9108451440000003,0.13333333333333333,68
2003-08-12 18:44:16.000,68,in,9.399999618530273,676.0,2.5,2.2799999713897705,1.9108451440000003,-14.266666666666667,68
2003-08-12 18:45:57.000,68,in,9.399999618530273,676.0,2.5,2.2799999713897705,1.9108451440000003,-15.95,68
2003-08-12 19:16:07.000,68,in,9.699999809265137,673.0,2.4000000953674316,2.1700000762939453,1.8181657812074143,13.883333333333333,68
2003-08-12 21:26:27.000,68,in,8.399999618530273,632.0,2.5999999046325684,2.0799999237060547,1.7369990505272521,3.55,68
2003-08-12 21:32:40.000,68,in,8.399999618530273,632.0,2.5999999046325684,2.0799999237060547,1.7369990505272521,-2.666666666666667,68
2003-08-12 21:48:30.000,68,in,8.399999618530273,632.0,2.5999999046325684,2.0799999237060547,1.7369990505272521,-18.5,68
2003-08-12 22:05:48.000,68,in,10.800000190734863,620.0,3.299999952316284,2.5399999618530273,2.121726521341877,24.2,68
2003-08-12 22:20:11.000,68,in,10.800000190734863,620.0,3.299999952316284,2.5399999618530273,2.121726521341877,9.816666666666668,68
2003-08-12 23:38:29.000,68,in,12.100000381469727,616.0,3.4000000953674316,2.5799999237060547,2.1579056195676207,-8.483333333333334,68
2003-08-12 23:47:36.000,68,in,12.100000381469727,616.0,3.4000000953674316,2.5799999237060547,2.1579056195676207,-17.6,68
2003-08-13 00:11:30.000,68,in,12.600000381469727,643.0,3.4000000953674316,2.809999942779541,2.351218377109898,18.5,68
2003-08-13 00:14:21.000,68,in,12.600000381469727,643.0,3.4000000953674316,2.809999942779541,2.351218377109898,15.649999999999999,68
2003-08-13 00:15:48.000,68,in,12.600000381469727,643.0,3.4000000953674316,2.809999942779541,2.351218377109898,14.2,68
2003-08-13 00:24:27.000,68,in,12.600000381469727,643.0,3.4000000953674316,2.809999942779541,2.351218377109898,5.55,68
2003-08-13 00:25:48.000,68,in,12.600000381469727,643.0,3.4000000953674316,2.809999942779541,2.351218377109898,4.2,68
2003-08-13 00:43:42.000,68,in,12.600000381469727,643.0,3.4000000953674316,2.809999942779541,2.351218377109898,-13.7,68
2003-08-13 00:47:01.000,68,in,12.600000381469727,643.0,3.4000000953674316,2.809999942779541,2.351218377109898,-17.016666666666666,68
2003-08-13 00:53:59.000,68,in,12.600000381469727,643.0,3.4000000953674316,2.809999942779541,2.351218377109898,-23.98333333333333,68
2003-08-13 01:09:45.000,68,in,12.600000381469727,631.0,3.5,2.7899999618530273,2.3308743101,20.25,68
2003-08-19 17:43:37.000,68,out,5.400000095367432,433.0,9.300000190734863,3.490000009536743,2.916425202833328,-13.616666666666667,68
2003-10-13 14:51:17.000,69,in,7.0,372.0,13.399999618530273,3.7100000381469727,3.101578362264606,-21.28333333333333,69
2004-02-20 18:55:11.000,69,out,5.099999904632568,375.0,2.799999952316284,0.7900000214576721,0.6585862387843431,-25.183333333333334,69
2004-04-16 04:52:00.000,70,in,10.199999809265137,433.0,7.699999809265137,2.890000104904175,2.414674520966672,-22.0,70
2004-04-16 05:17:31.000,70,in,8.0,436.0,6.400000095367432,2.430000066757202,2.0349092757625105,12.483333333333333,70
2004-04-16 06:08:58.000,70,in,7.599999904632568,422.0,6.599999904632568,2.3499999046325684,1.9658977410335423,21.033333333333335,70
2004-04-16 06:44:24.000,70,in,7.599999904632568,422.0,6.599999904632568,2.3499999046325684,1.9658977410335423,-14.399999999999999,70
2004-04-16 06:50:59.000,70,in,7.599999904632568,422.0,6.599999904632568,2.3499999046325684,1.9658977410335423,-20.983333333333334,70
2004-04-27 04:48:23.000,70,out,6.099999904632568,451.0,3.700000047683716,1.5299999713897705,1.2587715128424062,-18.383333333333333,70
