pass_id,sc_direction,t0,n_crossings,status,omni_epoch,offset_h,Pdyn,Bz,By,Dst,Ma,r0_mp,alpha,delta,r_bs0,clamped,n_field_lines,seconds,html
6,in,1996-01-12 15:06:00.500,3,ok,1996-01-12 15:30:00,0.3998611111111111,2.759999990463257,-1.7000000476837158,-2.799999952316284,-4.0,14.600000381469727,9.679820335230142,0.6063219612367928,2.465580177260666,12.145400512490808,False,96.0,103.8,Magnetosphere_Pass_06_Inbound_1996-01-12T1506.html
6,out,1996-01-14 07:10:30.000,5,ok,1996-01-14 07:30:00,0.325,2.7100000381469727,-3.200000047683716,6.400000095367432,-30.0,8.199999809265137,9.586465401019549,0.6168134851290918,2.5413395666456067,12.127804967665156,False,96.0,96.6,Magnetosphere_Pass_06_Outbound_1996-01-14T0710.html
5,in,1995-12-20 21:40:00.000,7,ok,1995-12-20 21:30:00,-0.16666666666666666,1.2000000476837158,5.900000095367432,-1.5,-8.0,4.199999809265137,11.182161446945958,0.5410571987867289,3.467545321088294,14.649706768034253,False,96.0,109.4,Magnetosphere_Pass_05_Inbound_1995-12-20T2140.html
5,out,1995-12-22 13:46:00.000,5,ok,1995-12-22 14:30:00,0.7333333333333333,2.890000104904175,-5.5,-1.2000000476837158,-29.0,9.600000381469727,9.197179601947445,0.6342532920563563,2.4001854101731626,11.597365012120608,False,96.0,95.5,Magnetosphere_Pass_05_Outbound_1995-12-22T1346.html
4,in,1995-11-28 08:40:00.000,3,skipped: no complete OMNI hour within 4.0 h,,,,,,,,,,,,,,0.0,
4,out,1995-11-29 22:45:00.000,1,ok,1995-11-29 22:30:00,-0.25,2.799999952316284,-2.799999952316284,0.699999988079071,-11.0,13.800000190734863,9.576144785206512,0.6144166346739025,2.4445859456634227,12.020730730869936,False,96.0,92.1,Magnetosphere_Pass_04_Outbound_1995-11-29T2245.html
3,in,1995-09-16 10:17:30.000,3,ok,1995-09-16 10:30:00,0.20833333333333334,5.409999847412109,1.2000000476837158,-0.20000000298023224,-13.0,24.899999618530273,8.849959299092157,0.5947600756212336,2.2267867821254153,11.076746081217573,False,96.0,108.3,Magnetosphere_Pass_03_Inbound_1995-09-16T1017.html
3,out,1995-09-18 04:20:00.000,1,ok,1995-09-18 04:30:00,0.16666666666666666,1.6699999570846558,0.10000000149011612,-4.400000095367432,0.0,9.899999618530273,10.539752649666926,0.586429889075122,2.743584214063793,13.28333686373072,False,96.0,102.9,Magnetosphere_Pass_03_Outbound_1995-09-18T0420.html
2,in,1995-08-19 19:30:00.000,3,ok,1995-08-19 19:30:00,0.0,2.6500000953674316,1.100000023841858,2.700000047683716,-2.0,8.5,9.858090331792017,0.5856857718908041,2.602881745499471,12.460972077291487,False,96.0,103.7,Magnetosphere_Pass_02_Inbound_1995-08-19T1930.html
2,out,1995-08-20 23:35:00.000,3,ok,1995-08-20 23:30:00,-0.08333333333333333,0.8799999952316284,2.799999952316284,-5.0,-5.0,5.300000190734863,11.688984002537863,0.5586806925464246,3.353733011714639,15.042717014252503,False,96.0,107.3,Magnetosphere_Pass_02_Outbound_1995-08-20T2335.html
1,in,1995-08-01 21:37:30.000,3,ok,1995-08-01 21:30:00,-0.125,1.3899999856948853,0.800000011920929,0.0,-1.0,14.800000190734863,10.861646000183631,0.5789396495106292,2.765226422624063,13.626872422807693,False,96.0,106.4,Magnetosphere_Pass_01_Inbound_1995-08-01T2137.html
1,out,1995-08-03 00:52:30.000,1,ok,1995-08-03 00:30:00,-0.375,4.079999923706055,-1.7000000476837158,0.20000000298023224,3.0,39.70000076293945,9.123205066084752,0.6118744514580557,2.2865934464697686,11.40979851255452,False,96.0,117.0,Magnetosphere_Pass_01_Outbound_1995-08-03T0052.html
7,in,1996-03-26 16:55:00.000,7,ok,1996-03-26 16:30:00,-0.4166666666666667,2.450000047683716,0.699999988079071,-4.699999809265137,-25.0,11.100000381469727,9.964895658761282,0.5874681657040141,2.5727630274326234,12.537658686193906,False,96.0,107.3,Magnetosphere_Pass_07_Inbound_1996-03-26T1655.html
7,out,1996-03-28 14:44:30.000,1,ok,1996-03-28 14:30:00,-0.24166666666666667,2.490000009536743,1.399999976158142,-0.4000000059604645,-16.0,10.5,9.958913117704487,0.5826844066592906,2.580885378901678,12.539798496606165,False,96.0,106.5,Magnetosphere_Pass_07_Outbound_1996-03-28T1444.html
8,in,1996-04-17 14:15:00.000,5,ok,1996-04-17 13:30:00,-0.75,1.8899999856948853,0.6000000238418579,-2.0,-28.0,10.5,10.36137705835613,0.5845969822422674,2.685185244528219,13.046562302884348,False,96.0,111.4,Magnetosphere_Pass_08_Inbound_1996-04-17T1415.html
8,out,1996-04-19 08:15:00.000,7,ok,1996-04-19 08:30:00,0.25,2.180000066757202,-1.2999999523162842,-2.200000047683716,-35.0,12.899999618530273,10.056893247176012,0.6001184069310883,2.575023105310493,12.631916352486504,False,96.0,109.5,Magnetosphere_Pass_08_Outbound_1996-04-19T0815.html
9,in,1996-05-09 14:00:00.000,3,ok,1996-05-09 16:30:00,2.5,3.549999952316284,-1.2999999523162842,2.0,0.0,10.899999618530273,9.340652120511432,0.6070126114633023,2.414448768009658,11.75510088852109,False,96.0,97.0,Magnetosphere_Pass_09_Inbound_1996-05-09T1400.html
9,out,1996-05-11 02:43:00.000,1,ok,1996-05-11 02:30:00,-0.21666666666666667,2.7699999809265137,-2.9000000953674316,-0.30000001192092896,1.0,15.5,9.582893279752012,0.6149787376962661,2.4357772103444897,12.018670490096502,False,96.0,107.2,Magnetosphere_Pass_09_Outbound_1996-05-11T0243.html
10,in,1996-08-19 11:40:30.000,1,ok,1996-08-19 11:30:00,-0.175,1.3700000047683716,-2.0,0.699999988079071,-10.0,10.300000190734863,10.74134599156638,0.5984879419567785,2.78754741795978,13.52889340952616,False,96.0,103.9,Magnetosphere_Pass_10_Inbound_1996-08-19T1140.html
10,out,1996-08-20 09:32:00.000,3,ok,1996-08-20 09:30:00,-0.03333333333333333,2.190000057220459,-0.800000011920929,1.5,-1.0,10.899999618530273,10.076863379767179,0.5966172663098127,2.6047507239085945,12.681614103675773,False,96.0,100.6,Magnetosphere_Pass_10_Outbound_1996-08-20T0932.html
11,in,1996-09-11 08:15:00.000,1,ok,1996-09-11 08:30:00,0.25,3.809999942779541,-3.0999999046325684,2.200000047683716,-31.0,14.100000381469727,9.11337665362158,0.6210164346886305,2.3244155256116095,11.43779217923319,False,96.0,108.3,Magnetosphere_Pass_11_Inbound_1996-09-11T0815.html
11,out,1996-09-12 07:50:00.000,5,ok,1996-09-12 07:30:00,-0.3333333333333333,2.4600000381469727,-4.099999904632568,-3.5,-45.0,8.399999618530273,9.627392344586486,0.6218502766736088,2.5452522441623775,12.172644588748863,False,96.0,109.6,Magnetosphere_Pass_11_Outbound_1996-09-12T0750.html
12,in,1996-10-04 00:55:00.000,1,ok,1996-10-04 00:30:00,-0.4166666666666667,1.8600000143051147,2.299999952316284,0.4000000059604645,-11.0,9.600000381469727,10.427752305326484,0.5722986343971198,2.721327627313547,13.149079932640031,False,96.0,105.9,Magnetosphere_Pass_12_Inbound_1996-10-04T0055.html
12,out,1996-10-05 06:25:00.000,1,ok,1996-10-05 06:30:00,0.08333333333333333,1.9700000286102295,3.4000000953674316,0.4000000059604645,-7.0,10.800000190734863,10.353413171628636,0.5652509336708885,2.677884707666503,13.031297879295138,False,96.0,101.5,Magnetosphere_Pass_12_Outbound_1996-10-05T0625.html
13,in,1996-11-15 07:22:30.000,1,ok,1996-11-15 07:30:00,0.125,1.9900000095367432,0.10000000149011612,2.5999999046325684,-30.0,6.599999904632568,10.263478279146089,0.5888672735653057,2.807022731974534,13.070501011120623,False,96.0,95.7,Magnetosphere_Pass_13_Inbound_1996-11-15T0722.html
13,out,1996-11-16 19:00:15.000,3,ok,1996-11-16 19:30:00,0.49583333333333335,2.3499999046325684,3.0,1.899999976158142,-13.0,15.0,10.0753987279777,0.5704628354980952,2.5638291406014684,12.639227868579168,False,96.0,101.7,Magnetosphere_Pass_13_Outbound_1996-11-16T1900.html
14,in,1996-12-02 16:56:30.000,1,ok,1996-12-02 16:30:00,-0.44166666666666665,9.229999542236328,-6.699999809265137,2.4000000953674316,29.0,15.699999809265137,7.536594784456274,0.6603382277077847,1.9148489078062845,9.451443692262558,False,96.0,108.2,Magnetosphere_Pass_14_Inbound_1996-12-02T1656.html
14,out,1996-12-04 02:00:00.000,3,ok,1996-12-04 01:30:00,-0.5,4.239999771118164,-0.6000000238418579,-6.099999904632568,-5.0,11.800000190734863,9.125718348969746,0.6044539321012288,2.347443172686736,11.473161521656483,False,96.0,100.6,Magnetosphere_Pass_14_Outbound_1996-12-04T0200.html
15,in,1996-12-30 01:30:00.000,3,ok,1996-12-30 01:30:00,0.0,4.869999885559082,-3.299999952316284,-8.199999809265137,-7.0,9.100000381469727,8.762706967124979,0.6260143341964763,2.297787195558093,11.06049416268307,False,96.0,93.6,Magnetosphere_Pass_15_Inbound_1996-12-30T0130.html
15,out,1997-01-01 16:30:00.000,3,ok,1997-01-01 17:30:00,1.0,1.0700000524520874,1.0,-2.0,-6.0,6.900000095367432,11.30717592683457,0.5739304424079438,3.069385176893527,14.376561103728097,False,96.0,101.7,Magnetosphere_Pass_15_Outbound_1997-01-01T1630.html
16,in,1997-06-11 05:35:00.000,7,ok,1997-06-11 05:30:00,-0.08333333333333333,2.619999885559082,0.4000000059604645,-0.6000000238418579,-18.0,21.200000762939453,9.854835024043886,0.5905426605414715,2.48568457064204,12.340519594685926,False,96.0,104.1,Magnetosphere_Pass_16_Inbound_1997-06-11T0535.html
16,out,1997-06-12 13:55:00.000,5,ok,1997-06-12 15:30:00,1.5833333333333333,3.490000009536743,-0.8999999761581421,2.5,-1.0,18.600000381469727,9.385205826176772,0.6038876171771707,2.373508104967477,11.75871393114425,False,96.0,91.8,Magnetosphere_Pass_16_Outbound_1997-06-12T1355.html
17,in,1997-07-03 11:55:00.000,3,ok,1997-07-03 11:30:00,-0.4166666666666667,2.430000066757202,-1.2999999523162842,6.699999809265137,9.0,6.699999809265137,9.89281606279722,0.6016533618004647,2.698604258098161,12.59142032089538,False,96.0,89.2,Magnetosphere_Pass_17_Inbound_1997-07-03T1155.html
17,out,1997-07-04 21:42:30.000,1,ok,1997-07-04 21:30:00,-0.20833333333333334,1.9900000095367432,-0.6000000238418579,5.199999809265137,-3.0,7.900000095367432,10.233912999278498,0.593848198379637,2.7251272116852965,12.959040210963796,False,96.0,90.3,Magnetosphere_Pass_17_Outbound_1997-07-04T2142.html
18,in,1997-07-25 16:15:00.000,7,ok,1997-07-25 16:30:00,0.25,3.4600000381469727,-0.30000001192092896,-0.800000011920929,10.0,34.79999923706055,9.423607895500114,0.5994410189366963,2.3636898224660166,11.78729771796613,False,96.0,90.5,Magnetosphere_Pass_18_Inbound_1997-07-25T1615.html
18,out,1997-07-27 02:10:00.000,1,ok,1997-07-27 02:30:00,0.3333333333333333,2.5899999141693115,1.600000023841858,-2.5,5.0,13.899999618530273,9.904149169091557,0.5817912713698165,2.527565046893024,12.43171421598458,False,96.0,99.0,Magnetosphere_Pass_18_Outbound_1997-07-27T0210.html
19,in,1997-09-07 22:16:30.000,1,ok,1997-09-07 22:30:00,0.225,1.3600000143051147,0.5,-1.2000000476837158,-10.0,15.899999618530273,10.887700981613824,0.5807543584512462,2.765163010012168,13.652863991625992,False,96.0,99.6,Magnetosphere_Pass_19_Inbound_1997-09-07T2216.html
19,out,1997-09-09 19:21:30.000,1,ok,1997-09-09 20:30:00,1.1416666666666666,0.8899999856948853,-2.4000000953674316,5.699999809265137,-29.0,5.099999904632568,11.431678270049792,0.5951308632784885,3.315003882373605,14.746682152423396,False,96.0,104.6,Magnetosphere_Pass_19_Outbound_1997-09-09T1921.html
20,in,1997-09-29 10:00:15.000,3,ok,1997-09-29 10:30:00,0.49583333333333335,1.8600000143051147,-0.10000000149011612,-0.10000000149011612,-12.0,8.600000381469727,10.361233957949823,0.5893488505119003,2.732321003552232,13.093554961502054,False,96.0,105.5,Magnetosphere_Pass_20_Inbound_1997-09-29T1000.html
20,out,1997-10-01 12:15:00.000,11,ok,1997-10-01 12:30:00,0.25,2.75,-9.399999618530273,0.8999999761581421,-53.0,6.400000095367432,8.515619380456235,0.6614790021151686,2.342008426703649,10.857627807159883,False,96.0,114.4,Magnetosphere_Pass_20_Outbound_1997-10-01T1215.html
21,in,1997-10-20 16:25:00.000,1,ok,1997-10-20 16:30:00,0.08333333333333333,2.890000104904175,0.4000000059604645,1.7000000476837158,-12.0,28.0,9.70946566068276,0.5919013745326852,2.4397667544563637,12.149232415139124,False,96.0,110.9,Magnetosphere_Pass_21_Inbound_1997-10-20T1625.html
21,out,1997-10-22 16:10:00.000,7,ok,1997-10-22 16:30:00,0.3333333333333333,1.2599999904632568,-1.0,-3.700000047683716,-11.0,9.399999618530273,10.946051543110947,0.5902559018183023,2.861811105119581,13.807862648230529,False,96.0,104.2,Magnetosphere_Pass_21_Outbound_1997-10-22T1610.html
22,in,1998-07-01 18:18:30.000,1,ok,1998-07-01 21:30:00,3.191666666666667,3.059999942779541,2.5,-6.800000190734863,-4.0,7.699999809265137,9.673301688094545,0.5775986011130747,2.584276737438736,12.257578425533282,False,96.0,95.7,Magnetosphere_Pass_22_Inbound_1998-07-01T1818.html
22,out,1998-07-03 13:00:00.000,1,ok,1998-07-03 12:30:00,-0.5,0.7799999713897705,1.2000000476837158,-5.0,-5.0,3.299999952316284,11.868096564275977,0.5681915068536159,4.167033943084574,16.03513050736055,False,96.0,96.0,Magnetosphere_Pass_22_Outbound_1998-07-03T1300.html
23,in,1998-07-24 01:10:30.000,5,ok,1998-07-24 01:30:00,0.325,2.5799999237060547,3.799999952316284,0.800000011920929,-31.0,9.0,9.943042143939344,0.5659881596295,2.6100485627840775,12.553090706723422,False,96.0,106.3,Magnetosphere_Pass_23_Inbound_1998-07-24T0110.html
23,out,1998-07-25 09:45:00.000,5,ok,1998-07-25 09:30:00,-0.25,1.809999942779541,-0.20000000298023224,-2.0,-21.0,12.899999618530273,10.399963651940602,0.5896790450483037,2.6628647674724246,13.062828419413027,False,96.0,106.5,Magnetosphere_Pass_23_Outbound_1998-07-25T0945.html
24,in,1998-08-15 07:05:00.000,3,ok,1998-08-15 07:30:00,0.4166666666666667,0.8199999928474426,0.20000000298023224,0.699999988079071,-5.0,5.099999904632568,11.743295657835187,0.575844230742617,3.4053679414313316,15.148663599266518,False,96.0,102.3,Magnetosphere_Pass_24_Inbound_1998-08-15T0705.html
24,out,1998-08-16 22:37:30.000,1,ok,1998-08-16 22:30:00,-0.125,0.3199999928474426,2.4000000953674316,3.299999952316284,0.0,3.0999999046325684,13.616829165601738,0.5477984937295591,4.985720659660121,18.60254982526186,False,96.0,103.0,Magnetosphere_Pass_24_Outbound_1998-08-16T2237.html
25,in,1998-10-25 21:50:00.000,9,ok,1998-10-25 21:30:00,-0.3333333333333333,1.2000000476837158,2.9000000953674316,0.5,-29.0,7.0,11.153951486182331,0.5621490888713803,3.0208618608410482,14.17481334702338,False,96.0,105.7,Magnetosphere_Pass_25_Inbound_1998-10-25T2150.html
25,out,1998-10-26 19:15:20.000,1,ok,1998-10-26 19:30:00,0.24444444444444444,1.440000057220459,0.5,3.4000000953674316,-14.0,8.0,10.79381658452651,0.5815452026693956,2.8697845681082383,13.66360115263475,False,96.0,105.5,Magnetosphere_Pass_25_Outbound_1998-10-26T1915.html
26,in,1998-11-13 07:15:00.000,7,ok,1998-11-13 07:30:00,0.25,2.640000104904175,-16.399999618530273,10.0,-61.0,2.9000000953674316,7.810239920693575,0.7109879305295074,3.006573386068936,10.81681330676251,False,96.0,102.1,Magnetosphere_Pass_26_Inbound_1998-11-13T0715.html
26,out,1998-11-14 03:50:00.000,3,ok,1998-11-14 03:30:00,-0.3333333333333333,4.28000020980835,-13.5,-10.399999618530273,-109.0,4.199999809265137,7.417152662994437,0.698036592112849,2.3000305562023815,9.71718321919682,False,96.0,111.4,Magnetosphere_Pass_26_Outbound_1998-11-14T0350.html
27,in,1998-11-27 08:05:30.000,1,ok,1998-11-27 08:30:00,0.4083333333333333,1.7400000095367432,2.5,2.5,-7.0,7.800000190734863,10.537122542955025,0.5699774491025489,2.8103689047730267,13.347491447728052,False,96.0,92.3,Magnetosphere_Pass_27_Inbound_1998-11-27T0805.html
27,out,1998-11-28 23:35:00.000,1,ok,1998-11-28 23:30:00,-0.08333333333333333,1.690000057220459,-3.200000047683716,-2.299999952316284,2.0,8.800000190734863,10.297495883175143,0.609986316007429,2.7090874118057044,13.006583294980848,False,96.0,88.9,Magnetosphere_Pass_27_Outbound_1998-11-28T2335.html
28,in,1998-12-14 03:23:00.000,1,ok,1998-12-14 03:30:00,0.11666666666666667,3.369999885559082,5.199999809265137,-5.699999809265137,19.0,7.400000095367432,9.559116302214557,0.5594502385591088,2.5675900140068655,12.126706316221423,False,96.0,115.2,Magnetosphere_Pass_28_Inbound_1998-12-14T0323.html
28,out,1998-12-15 15:47:00.000,1,ok,1998-12-15 15:30:00,-0.2833333333333333,1.809999942779541,2.200000047683716,-4.0,6.0,8.600000381469727,10.469078688928718,0.5726398153173367,2.760760321182927,13.229839010111645,False,96.0,104.5,Magnetosphere_Pass_28_Outbound_1998-12-15T1547.html
29,in,1999-01-01 15:47:00.000,1,ok,1999-01-01 15:30:00,-0.2833333333333333,1.940000057220459,3.200000047683716,2.299999952316284,2.0,9.0,10.375037258142807,0.5664683555865023,2.7234472802624867,13.098484538405295,False,96.0,101.7,Magnetosphere_Pass_29_Inbound_1999-01-01T1547.html
29,out,1999-01-03 11:05:00.000,1,ok,1999-01-03 11:30:00,0.4166666666666667,1.1699999570846558,1.399999976158142,2.0,0.0,8.399999618530273,11.166342873779225,0.5723485645672769,2.9521139516615267,14.118456825440752,False,96.0,93.7,Magnetosphere_Pass_29_Outbound_1999-01-03T1105.html
30,in,1999-01-18 01:37:30.000,3,ok,1999-01-18 01:30:00,-0.125,2.2200000286102295,3.299999952316284,3.700000047683716,-10.0,9.899999618530273,10.166489581836293,0.5675591626897334,2.6464207706099745,12.812910352446268,False,96.0,94.5,Magnetosphere_Pass_30_Inbound_1999-01-18T0137.html
30,out,1999-01-19 10:00:00.000,1,ok,1999-01-19 09:30:00,-0.5,1.5199999809265137,-1.899999976158142,4.199999809265137,-21.0,8.100000381469727,10.581090097133236,0.599262099852864,2.809041121792587,13.390131218925823,False,96.0,91.1,Magnetosphere_Pass_30_Outbound_1999-01-19T1000.html
31,in,1999-02-04 11:27:45.000,1,ok,1999-02-04 11:30:00,0.0375,1.6799999475479126,5.599999904632568,-5.900000095367432,3.0,4.099999904632568,10.62480663237039,0.5475335286741482,3.328232471369459,13.95303910373985,False,96.0,103.3,Magnetosphere_Pass_31_Inbound_1999-02-04T1127.html
31,out,1999-02-07 07:45:00.000,9,ok,1999-02-07 07:30:00,-0.25,1.9600000381469727,-2.5,-1.7000000476837158,-23.0,8.199999809265137,10.134490254804549,0.607150024025392,2.6866191025505577,12.821109357355105,False,96.0,106.6,Magnetosphere_Pass_31_Outbound_1999-02-07T0745.html
32,in,1999-02-22 06:00:00.000,3,ok,1999-02-22 05:30:00,-0.5,2.990000009536743,7.5,2.0,-6.0,7.699999809265137,9.743088824529652,0.5413661611248964,2.6029207618966597,12.346009586426312,False,96.0,108.4,Magnetosphere_Pass_32_Inbound_1999-02-22T0600.html
32,out,1999-02-23 18:50:00.000,1,ok,1999-02-23 18:30:00,-0.3333333333333333,1.809999942779541,3.4000000953674316,0.8999999761581421,-16.0,9.0,10.48714892300207,0.5641202002931628,2.752876592288043,13.240025515290114,False,96.0,103.6,Magnetosphere_Pass_32_Outbound_1999-02-23T1850.html
33,in,1999-03-11 04:30:00.000,13,ok,1999-03-11 04:30:00,0.0,3.130000114440918,2.799999952316284,5.0,-27.0,9.300000190734863,9.64456334305689,0.5757464383327023,2.5239559362768706,12.16851927933376,False,96.0,107.1,Magnetosphere_Pass_33_Inbound_1999-03-11T0430.html
33,out,1999-03-12 23:02:30.000,3,ok,1999-03-12 23:30:00,0.4583333333333333,4.139999866485596,5.900000095367432,5.699999809265137,-12.0,6.900000095367432,9.269109684197732,0.5570678905945039,2.516142673623495,11.785252357821227,False,96.0,106.5,Magnetosphere_Pass_33_Outbound_1999-03-12T2302.html
34,in,1999-03-28 09:15:00.000,31,ok,1999-03-28 09:30:00,0.25,1.5299999713897705,-2.5999999046325684,1.0,2.0,9.300000190734863,10.513085440307737,0.6043054828808027,2.751245801579276,13.264331241887014,False,96.0,101.3,Magnetosphere_Pass_34_Inbound_1999-03-28T0915.html
34,out,1999-04-02 21:20:00.000,1,ok,1999-04-02 21:30:00,0.16666666666666666,1.75,7.0,0.20000000298023224,-16.0,6.400000095367432,10.565309972485942,0.538131743601449,2.905724631503255,13.471034603989196,False,96.0,106.1,Magnetosphere_Pass_34_Outbound_1999-04-02T2120.html
35,in,1999-04-21 12:45:00.000,3,ok,1999-04-21 12:30:00,-0.25,2.5299999713897705,-1.7999999523162842,3.0999999046325684,-13.0,9.699999809265137,9.80173106370171,0.6058015057092269,2.555725831274155,12.357456894975865,False,96.0,108.7,Magnetosphere_Pass_35_Inbound_1999-04-21T1245.html
35,out,1999-04-23 20:25:00.000,1,ok,1999-04-23 20:30:00,0.08333333333333333,1.9199999570846558,1.600000023841858,3.0999999046325684,3.0,9.800000190734863,10.363678211326127,0.5777050211050311,2.6999649842674565,13.063643195593583,False,96.0,104.8,Magnetosphere_Pass_35_Outbound_1999-04-23T2025.html
36,in,1999-05-05 21:00:00.000,7,ok,1999-05-05 20:30:00,-0.5,4.110000133514404,4.199999809265137,4.699999809265137,23.0,7.0,9.269169876928922,0.5692775390776261,2.5104001750015836,11.779570051930506,False,96.0,105.2,Magnetosphere_Pass_36_Inbound_1999-05-05T2100.html
36,out,1999-05-08 06:39:30.000,1,ok,1999-05-08 06:30:00,-0.15833333333333333,0.7699999809265137,-0.10000000149011612,-1.0,-3.0,6.699999809265137,11.842547952207969,0.5770574112203518,3.2304603792990942,15.073008331507063,False,96.0,101.3,Magnetosphere_Pass_36_Outbound_1999-05-08T0639.html
37,in,1999-08-17 19:14:00.000,1,ok,1999-08-17 19:30:00,0.26666666666666666,1.850000023841858,3.0999999046325684,1.899999976158142,-27.0,6.099999904632568,10.448663574788544,0.5665429962654083,2.9007233063047053,13.349386881093249,False,96.0,97.4,Magnetosphere_Pass_37_Inbound_1999-08-17T1914.html
37,out,1999-08-19 14:55:00.000,5,ok,1999-08-19 14:30:00,-0.4166666666666667,1.7300000190734863,-0.20000000298023224,7.0,-21.0,5.5,10.471440649589987,0.5890482670607572,2.9758581333236496,13.447298782913636,False,96.0,106.9,Magnetosphere_Pass_37_Outbound_1999-08-19T1455.html
38,in,1999-09-08 10:37:30.000,5,ok,1999-09-08 10:30:00,-0.125,1.5399999618530273,-0.20000000298023224,-5.400000095367432,-6.0,6.099999904632568,10.657658468136788,0.5874249188012718,2.958743775017728,13.616402243154516,False,96.0,102.3,Magnetosphere_Pass_38_Inbound_1999-09-08T1037.html
38,out,1999-09-10 02:17:30.000,3,ok,1999-09-10 02:30:00,0.20833333333333334,4.320000171661377,-2.0,-5.400000095367432,8.0,9.199999809265137,9.025858585319776,0.6148601695810443,2.364377833370157,11.390236418689934,False,96.0,106.3,Magnetosphere_Pass_38_Outbound_1999-09-10T0217.html
39,in,1999-09-29 23:05:00.000,11,ok,1999-09-29 23:30:00,0.4166666666666667,2.190000057220459,-3.700000047683716,5.099999904632568,-34.0,7.300000190734863,9.846870842309349,0.6172991834097448,2.650030395945659,12.496901238255008,False,96.0,107.7,Magnetosphere_Pass_39_Inbound_1999-09-29T2305.html
39,out,1999-10-01 15:20:00.000,9,ok,1999-10-01 15:30:00,0.16666666666666666,1.9199999570846558,-1.399999976158142,2.0,-17.0,11.699999809265137,10.24624945527484,0.5990337929875298,2.6369634219672453,12.883212877242086,False,96.0,102.4,Magnetosphere_Pass_39_Outbound_1999-10-01T1520.html
40,in,1999-10-13 20:10:00.000,13,ok,1999-10-13 20:30:00,0.3333333333333333,3.1500000953674316,-2.700000047683716,3.0,-40.0,8.5,9.415249025370997,0.6153923046742494,2.4859561023128682,11.901205127683866,False,96.0,108.0,Magnetosphere_Pass_40_Inbound_1999-10-13T2010.html
40,out,1999-10-15 21:52:30.000,1,ok,1999-10-15 21:30:00,-0.375,1.4600000381469727,3.0999999046325684,2.4000000953674316,-36.0,8.5,10.830271956119732,0.563370746513233,2.859571805957929,13.689843762077661,False,96.0,105.0,Magnetosphere_Pass_40_Outbound_1999-10-15T2152.html
41,in,1999-10-29 18:40:00.000,7,ok,1999-10-29 18:30:00,-0.16666666666666666,4.190000057220459,-1.5,-4.400000095367432,-17.0,11.0,9.098095289940645,0.6108042349948521,2.350341283234666,11.44843657317531,False,96.0,107.1,Magnetosphere_Pass_41_Inbound_1999-10-29T1840.html
41,out,1999-11-01 06:30:00.000,5,ok,1999-11-01 06:30:00,0.0,3.4200000762939453,2.799999952316284,-7.099999904632568,-8.0,6.400000095367432,9.515946675659476,0.5769381741994043,2.6171234653354185,12.133070140994896,False,96.0,109.0,Magnetosphere_Pass_41_Outbound_1999-11-01T0630.html
42,in,1999-11-14 08:50:00.000,5,ok,1999-11-14 08:30:00,-0.3333333333333333,2.1700000762939453,-2.0,3.700000047683716,-61.0,9.300000190734863,10.018326786110496,0.6050445110018461,2.6217688104634,12.640095596573897,False,96.0,109.1,Magnetosphere_Pass_42_Inbound_1999-11-14T0850.html
42,out,1999-11-18 06:45:00.000,3,ok,1999-11-18 09:30:00,2.75,1.4800000190734863,-0.5,-2.299999952316284,-33.0,6.599999904632568,10.708350775503753,0.5889901575776918,2.9286936875845377,13.63704446308829,False,96.0,99.0,Magnetosphere_Pass_42_Outbound_1999-11-18T0645.html
43,in,1999-11-30 13:05:00.000,7,ok,1999-11-30 13:30:00,0.4166666666666667,4.300000190734863,6.699999809265137,-6.699999809265137,1.0,5.699999809265137,9.218986795663032,0.5517621059958302,2.5975059060364956,11.816492701699527,False,96.0,105.1,Magnetosphere_Pass_43_Inbound_1999-11-30T1305.html
43,out,1999-12-06 06:17:30.000,65,ok,1999-12-06 06:30:00,0.20833333333333334,2.2200000286102295,-0.4000000059604645,0.4000000059604645,-16.0,9.699999809265137,10.074720467244301,0.593954892873053,2.6269057142727443,12.701626181517046,False,96.0,95.3,Magnetosphere_Pass_43_Outbound_1999-12-06T0617.html
44,in,1999-12-16 17:45:00.000,1,ok,1999-12-16 17:30:00,-0.25,1.5099999904632568,3.4000000953674316,-5.099999904632568,-1.0,6.400000095367432,10.779085645081272,0.5617011685484751,2.9645182910451036,13.743603936126377,False,96.0,105.4,Magnetosphere_Pass_44_Inbound_1999-12-16T1745.html
44,out,1999-12-20 16:00:00.000,7,ok,1999-12-20 15:30:00,-0.5,1.4800000190734863,-2.0,-1.7999999523162842,14.0,10.699999809265137,10.61638630721751,0.599588952187059,2.747641265226629,13.36402757244414,False,96.0,109.8,Magnetosphere_Pass_44_Outbound_1999-12-20T1600.html
45,in,1999-12-30 04:15:00.000,17,ok,1999-12-30 04:30:00,0.25,1.9500000476837158,3.299999952316284,-4.199999809265137,-1.0,5.400000095367432,10.368217629693419,0.5658259409280646,2.9602439404656087,13.328461570159028,False,96.0,114.5,Magnetosphere_Pass_45_Inbound_1999-12-30T0415.html
45,out,2000-01-25 02:15:00.000,5,ok,2000-01-25 02:30:00,0.25,1.0199999809265137,-4.300000190734863,2.9000000953674316,-32.0,4.599999904632568,10.972014718854048,0.6103899590518946,3.287250465247514,14.259265184101562,False,96.0,93.1,Magnetosphere_Pass_45_Outbound_2000-01-25T0215.html
46,in,2000-04-09 12:58:30.000,1,ok,2000-04-09 12:30:00,-0.475,0.8799999952316284,-2.5,-2.200000047683716,-40.0,7.400000095367432,11.441813125180019,0.5956668693748454,3.0732846210416898,14.51509774622171,False,96.0,107.2,Magnetosphere_Pass_46_Inbound_2000-04-09T1258.html
46,out,2000-04-10 14:52:00.000,3,ok,2000-04-10 14:30:00,-0.36666666666666664,0.8399999737739563,-2.799999952316284,-1.899999976158142,-52.0,6.400000095367432,11.492506470879867,0.5970909842359527,3.1607268709683485,14.653233341848216,False,96.0,107.7,Magnetosphere_Pass_46_Outbound_2000-04-10T1452.html
47,in,2000-05-02 07:45:00.000,13,ok,2000-05-02 07:30:00,-0.25,0.3199999928474426,-4.5,-2.0,-18.0,1.399999976158142,13.042440644451968,0.5947776621318933,16.846486777162024,29.888927421613992,False,96.0,96.0,Magnetosphere_Pass_47_Inbound_2000-05-02T0745.html
47,out,2000-05-03 12:15:00.000,3,ok,2000-05-03 12:30:00,0.25,3.049999952316284,1.7999999523162842,-1.399999976158142,4.0,11.399999618530273,9.66590469003871,0.5825855522542392,2.4914289124440825,12.157333602482792,False,96.0,105.8,Magnetosphere_Pass_47_Outbound_2000-05-03T1215.html
48,in,2000-05-25 11:30:00.000,19,ok,2000-05-25 11:30:00,0.0,0.8799999952316284,-3.0999999046325684,-2.0,-63.0,6.599999904632568,11.379153904403399,0.5998539831049271,3.1121558219885097,14.491309726391908,False,96.0,93.4,Magnetosphere_Pass_48_Inbound_2000-05-25T1130.html
48,out,2000-05-26 16:52:30.000,1,ok,2000-05-26 16:30:00,-0.375,0.9300000071525574,-2.799999952316284,0.800000011920929,-49.0,7.199999809265137,11.316632944952529,0.5985556784793004,3.051751343168162,14.36838428812069,False,96.0,96.1,Magnetosphere_Pass_48_Outbound_2000-05-26T1652.html
49,in,2000-06-10 01:10:00.000,1,ok,2000-06-10 01:30:00,0.3333333333333333,0.6399999856948853,-2.9000000953674316,5.5,-33.0,3.0,11.964807412122424,0.5938702527934075,4.486802779545909,16.451610191668333,False,96.0,106.7,Magnetosphere_Pass_49_Inbound_2000-06-10T0110.html
49,out,2000-06-11 05:19:00.000,9,ok,2000-06-11 05:30:00,0.18333333333333332,1.2999999523162842,-0.699999988079071,4.5,-25.0,7.099999904632568,10.910745120528121,0.5885829640000209,2.9485068715015346,13.859251992029655,False,96.0,105.8,Magnetosphere_Pass_49_Outbound_2000-06-11T0519.html
50,in,2000-06-26 12:16:30.000,3,ok,2000-06-26 12:30:00,0.225,4.590000152587891,-4.0,-8.300000190734863,-38.0,5.800000190734863,8.770448299900114,0.6302364577963551,2.4613145169293604,11.231762816829473,False,96.0,110.4,Magnetosphere_Pass_50_Inbound_2000-06-26T1216.html
50,out,2000-06-27 17:53:00.000,1,ok,2000-06-27 17:30:00,-0.38333333333333336,1.440000057220459,-3.799999952316284,-1.5,-29.0,8.5,10.48025105025966,0.61190862054665,2.7671540053755765,13.247405055635237,False,96.0,93.0,Magnetosphere_Pass_50_Outbound_2000-06-27T1753.html
51,in,2000-07-09 17:00:00.000,7,ok,2000-07-09 16:30:00,-0.5,1.659999966621399,4.0,-0.10000000149011612,8.0,7.199999809265137,10.63211677239359,0.5587143193297919,2.867158173168883,13.499274945562474,False,96.0,89.4,Magnetosphere_Pass_51_Inbound_2000-07-09T1700.html
51,out,2000-07-11 03:12:30.000,1,ok,2000-07-11 03:30:00,0.2916666666666667,6.739999771118164,0.30000001192092896,12.699999809265137,34.0,5.900000095367432,8.537444778513393,0.6043640273764671,2.386873602033026,10.924318380546419,False,96.0,104.8,Magnetosphere_Pass_51_Outbound_2000-07-11T0312.html
52,in,2000-07-22 23:45:00.000,3,ok,2000-07-22 23:30:00,-0.25,1.2599999904632568,-1.2000000476837158,-5.099999904632568,-38.0,6.800000190734863,10.934154886200627,0.5916636675075098,2.9752309023470733,13.9093857885477,False,96.0,109.5,Magnetosphere_Pass_52_Inbound_2000-07-22T2345.html
52,out,2000-07-25 14:52:30.000,1,ok,2000-07-25 14:30:00,-0.375,0.8899999856948853,-0.6000000238418579,-5.699999809265137,-17.0,4.099999904632568,11.56087410772278,0.5825661026101062,3.6214566470799956,15.182330754802775,False,96.0,93.7,Magnetosphere_Pass_52_Outbound_2000-07-25T1452.html
53,in,2000-08-03 15:00:00.000,7,ok,2000-08-03 14:30:00,-0.5,2.109999895095825,0.20000000298023224,1.7999999523162842,-12.0,7.800000190734863,10.176484730046566,0.5889688068023627,2.7141827504266565,12.890667480473223,False,96.0,94.0,Magnetosphere_Pass_53_Inbound_2000-08-03T1500.html
53,out,2000-08-06 06:37:30.000,29,ok,2000-08-06 06:30:00,-0.125,1.899999976158142,2.9000000953674316,2.5999999046325684,-45.0,7.699999809265137,10.403764646774636,0.5683218940357615,2.7794240090265694,13.183188655801207,False,96.0,108.6,Magnetosphere_Pass_53_Outbound_2000-08-06T0637.html
54,in,2000-08-15 12:43:30.000,1,ok,2000-08-15 12:30:00,-0.225,1.5700000524520874,0.0,2.5999999046325684,-23.0,8.5,10.634866781110185,0.586278973086547,2.8079779834334784,13.442844764543663,False,96.0,106.8,Magnetosphere_Pass_54_Inbound_2000-08-15T1243.html
54,out,2000-08-17 15:43:30.000,3,ok,2000-08-17 15:30:00,-0.225,1.850000023841858,-0.20000000298023224,-1.399999976158142,-17.0,16.0,10.365576517838116,0.5899840545346059,2.6320434491373255,12.997619966975442,False,96.0,98.5,Magnetosphere_Pass_54_Outbound_2000-08-17T1543.html
55,in,2001-02-20 02:45:00.000,1,skipped: no complete OMNI hour within 4.0 h,,,,,,,,,,,,,,0.0,
55,out,2001-02-24 22:57:00.000,1,ok,2001-02-24 22:30:00,-0.45,0.8899999856948853,2.4000000953674316,-0.5,2.0,10.800000190734863,11.661835023629308,0.5616248348294688,3.0163047833040446,14.678139806933352,False,96.0,103.1,Magnetosphere_Pass_55_Outbound_2001-02-24T2257.html
56,in,2001-09-08 12:05:00.000,7,skipped: no complete OMNI hour within 4.0 h,,,,,,,,,,,,,,0.0,
56,out,2001-09-12 01:35:00.000,5,ok,2001-09-12 01:30:00,-0.08333333333333333,1.2100000381469727,-2.299999952316284,2.9000000953674316,-20.0,4.699999809265137,10.920606640953405,0.5988270912284217,3.2479614074805734,14.168568048433979,False,96.0,103.2,Magnetosphere_Pass_56_Outbound_2001-09-12T0135.html
57,in,2001-10-03 04:20:00.000,5,ok,2001-10-03 04:30:00,0.16666666666666666,2.9600000381469727,-0.30000001192092896,-8.800000190734863,-61.0,6.0,9.649116923802902,0.597260528420024,2.6879682859165226,12.337085209719424,False,96.0,112.5,Magnetosphere_Pass_57_Inbound_2001-10-03T0420.html
57,out,2001-10-04 09:50:00.000,5,ok,2001-10-04 09:30:00,-0.3333333333333333,2.8499999046325684,-2.0,-2.5,-85.0,16.600000381469727,9.612980424909775,0.6089305791054257,2.438257416766073,12.051237841675848,False,96.0,111.7,Magnetosphere_Pass_57_Outbound_2001-10-04T0950.html
58,in,2001-10-23 07:20:00.000,3,ok,2001-10-23 07:30:00,0.16666666666666666,1.8200000524520874,2.299999952316284,-0.20000000298023224,-119.0,6.800000190734863,10.462157267671069,0.5720044143997532,2.846798306037719,13.308955573708788,False,96.0,117.6,Magnetosphere_Pass_58_Inbound_2001-10-23T0720.html
58,out,2001-10-24 20:42:30.000,1,ok,2001-10-24 20:30:00,-0.20833333333333334,0.9700000286102295,1.399999976158142,0.800000011920929,-42.0,6.800000190734863,11.488052951284663,0.5697831724078185,3.12594896488962,14.614001916174283,False,96.0,87.3,Magnetosphere_Pass_58_Outbound_2001-10-24T2042.html
59,in,2001-11-14 01:14:45.000,1,ok,2001-11-14 01:30:00,0.25416666666666665,2.5299999713897705,2.200000047683716,-2.9000000953674316,-12.0,14.600000381469727,9.951116353152845,0.5771777423453852,2.5346829147903565,12.4857992679432,False,96.0,96.6,Magnetosphere_Pass_59_Inbound_2001-11-14T0114.html
59,out,2001-11-16 04:00:00.000,7,ok,2001-11-16 03:30:00,-0.5,1.7999999523162842,2.5999999046325684,14.199999809265137,-27.0,3.299999952316284,10.48477132820687,0.5697252454800147,3.6813315238460342,14.166102852052905,False,96.0,95.9,Magnetosphere_Pass_59_Outbound_2001-11-16T0400.html
60,in,2001-12-02 00:17:30.000,7,ok,2001-12-02 00:30:00,0.20833333333333334,3.5,5.300000190734863,-3.5999999046325684,-1.0,9.699999809265137,9.505013520648697,0.5592229989990203,2.478359018774976,11.983372539423673,False,96.0,97.2,Magnetosphere_Pass_60_Inbound_2001-12-02T0017.html
60,out,2001-12-05 05:45:30.000,1,ok,2001-12-05 05:30:00,-0.25833333333333336,1.840000033378601,-2.5,-5.599999904632568,-28.0,5.900000095367432,10.231969098227403,0.6062440385571789,2.8606237077915577,13.09259280601896,False,96.0,97.1,Magnetosphere_Pass_60_Outbound_2001-12-05T0545.html
61,in,2002-07-20 15:15:00.000,1,ok,2002-07-20 15:30:00,0.25,1.4199999570846558,-1.2000000476837158,-0.20000000298023224,-18.0,7.0,10.737888494479247,0.5933518359879835,2.908178133921463,13.64606662840071,False,96.0,93.3,Magnetosphere_Pass_61_Inbound_2002-07-20T1515.html
61,out,2002-07-22 01:37:30.000,3,ok,2002-07-22 01:30:00,-0.125,2.2100000381469727,-0.8999999761581421,4.599999904632568,-10.0,10.699999809265137,10.057949016593199,0.5974583563573358,2.6031113565214823,12.661060373114681,False,96.0,103.5,Magnetosphere_Pass_61_Outbound_2002-07-22T0137.html
62,in,2002-08-08 23:50:00.000,5,ok,2002-08-08 23:30:00,-0.3333333333333333,4.510000228881836,0.6000000238418579,6.0,7.0,10.300000190734863,9.082135326833283,0.5966158221522446,2.356956279013179,11.439091605846462,False,96.0,100.6,Magnetosphere_Pass_62_Inbound_2002-08-08T2350.html
62,out,2002-08-10 11:20:00.000,1,ok,2002-08-10 11:30:00,0.16666666666666666,2.3499999046325684,-2.5,1.100000023841858,-25.0,8.300000190734863,9.859632618457534,0.6097523152238137,2.6101376752894754,12.46977029374701,False,96.0,104.6,Magnetosphere_Pass_62_Outbound_2002-08-10T1120.html
63,in,2002-08-28 20:30:00.000,3,ok,2002-08-28 20:30:00,0.0,1.059999942779541,-3.5,-2.0,-21.0,4.900000095367432,11.016317582335196,0.6053453645358979,3.2328415483384134,14.24915913067361,False,96.0,104.5,Magnetosphere_Pass_63_Inbound_2002-08-28T2030.html
63,out,2002-08-30 13:27:30.000,1,ok,2002-08-30 13:30:00,0.041666666666666664,2.059999942779541,-0.8999999761581421,-2.0999999046325684,-15.0,9.199999809265137,10.165633331711499,0.596469339864554,2.662948669588084,12.828582001299583,False,96.0,106.8,Magnetosphere_Pass_63_Outbound_2002-08-30T1327.html
64,in,2002-09-17 11:50:00.000,5,ok,2002-09-17 11:30:00,-0.3333333333333333,1.9299999475479126,-3.700000047683716,-3.5999999046325684,-25.0,4.800000190734863,10.037242750728579,0.6154613928182675,2.964720937992829,13.001963688721407,False,96.0,106.1,Magnetosphere_Pass_64_Inbound_2002-09-17T1150.html
64,out,2002-09-18 16:27:30.000,3,ok,2002-09-18 16:30:00,0.041666666666666664,1.399999976158142,5.300000190734863,-3.200000047683716,-30.0,5.099999904632568,10.920604545228235,0.5472840970864612,3.166800675290589,14.087405220518825,False,96.0,105.7,Magnetosphere_Pass_64_Outbound_2002-09-18T1627.html
65,in,2002-10-09 13:43:30.000,1,ok,2002-10-09 13:30:00,-0.225,1.4800000190734863,-4.400000095367432,4.400000095367432,-63.0,6.699999809265137,10.35607851552659,0.6165470242358998,2.824974951702161,13.181053467228752,False,96.0,111.0,Magnetosphere_Pass_65_Inbound_2002-10-09T1343.html
65,out,2002-10-10 09:27:30.000,1,ok,2002-10-10 09:30:00,0.041666666666666664,2.2300000190734863,-4.300000190734863,5.199999809265137,-64.0,7.099999904632568,9.745765829368533,0.6218432295011969,2.6336842441561013,12.379450073524634,False,96.0,111.6,Magnetosphere_Pass_65_Outbound_2002-10-10T0927.html
66,in,2002-11-01 02:24:30.000,1,ok,2002-11-01 02:30:00,0.09166666666666666,1.559999942779541,-0.6000000238418579,2.4000000953674316,-26.0,8.199999809265137,10.618451548433992,0.5904348506171366,2.8149156052526583,13.43336715368665,False,96.0,111.1,Magnetosphere_Pass_66_Inbound_2002-11-01T0224.html
66,out,2002-11-01 21:25:00.000,1,ok,2002-11-01 21:30:00,0.08333333333333333,3.630000114440918,5.400000095367432,6.599999904632568,-15.0,7.300000190734863,9.45317419789326,0.558976526327515,2.544077135139025,11.997251333032285,False,96.0,104.1,Magnetosphere_Pass_66_Outbound_2002-11-01T2125.html
67,in,2002-11-27 16:16:30.000,1,ok,2002-11-27 16:30:00,0.225,2.240000009536743,2.299999952316284,-2.5,-44.0,8.0,10.138136164067168,0.5748145221761625,2.695456837271826,12.833593001338993,False,96.0,106.6,Magnetosphere_Pass_67_Inbound_2002-11-27T1616.html
67,out,2002-11-28 16:33:00.000,3,ok,2002-11-28 16:30:00,-0.05,1.6399999856948853,-0.800000011920929,4.900000095367432,-35.0,6.099999904632568,10.52823854006875,0.5925526588231074,2.9228146440853227,13.451053184154073,False,96.0,106.0,Magnetosphere_Pass_67_Outbound_2002-11-28T1633.html
68,in,2003-08-12 21:00:00.000,29,ok,2003-08-12 20:30:00,-0.5,2.0199999809265137,-0.10000000149011612,-4.400000095367432,-22.0,8.699999809265137,10.232492074451086,0.5904989292760733,2.695122516927448,12.927614591378534,False,96.0,107.9,Magnetosphere_Pass_68_Inbound_2003-08-12T2100.html
68,out,2003-08-19 17:44:00.000,1,ok,2003-08-19 17:30:00,-0.23333333333333334,3.490000009536743,8.100000381469727,-3.200000047683716,-33.0,5.400000095367432,9.518806917461463,0.5389977631693919,2.717727530832184,12.236534448293646,False,96.0,98.8,Magnetosphere_Pass_68_Outbound_2003-08-19T1744.html
69,in,2003-10-13 14:51:00.000,1,ok,2003-10-13 14:30:00,-0.35,3.7100000381469727,-5.5,2.799999952316284,9.0,7.0,8.855618552601236,0.6379609573291665,2.3983966913295016,11.254015243930738,False,96.0,108.8,Magnetosphere_Pass_69_Inbound_2003-10-13T1451.html
69,out,2004-02-20 18:55:00.000,1,ok,2004-02-20 18:30:00,-0.4166666666666667,0.7900000214576721,-4.199999809265137,1.2999999523162842,-17.0,5.099999904632568,11.42045343705062,0.6059524185085184,3.3117488603119067,14.732202297362527,False,96.0,103.3,Magnetosphere_Pass_69_Outbound_2004-02-20T1855.html
70,in,2004-04-16 05:50:00.000,5,ok,2004-04-16 05:30:00,-0.3333333333333333,2.430000066757202,-5.699999809265137,1.2000000476837158,-1.0,8.0,9.408362793270491,0.6331096900155105,2.501429790274297,11.909792583544789,False,96.0,105.4,Magnetosphere_Pass_70_Inbound_2004-04-16T0550.html
70,out,2004-04-27 04:48:30.000,1,ok,2004-04-27 04:30:00,-0.30833333333333335,1.5299999713897705,5.699999809265137,0.0,12.0,6.099999904632568,10.77698823165504,0.545612491599786,2.991871707953422,13.768859939608461,False,96.0,95.5,Magnetosphere_Pass_70_Outbound_2004-04-27T0448.html
